{
    "providers": [
		{
            "type": "bitmap",
            "file": "cores:font/menu.png",
			"ascent": 231,
			"height": 232,
			"chars": [
				"abcdefghijklmno"
			]
        },
		{
            "type": "bitmap",
            "file": "cores:font/floors.png",
			"ascent": 231,
			"height": 232,
			"chars": [
				"1"
			]
        },
		{
            "type": "bitmap",
            "file": "cores:font/modifiers.png",
			"ascent": 220,
			"height": 221,
			"chars": [
				"pq"
			]
        }
    ]
}
