{
	"format_version": "1.21.6",
	"credit": "Made with Blockbench",
	"texture_size": [64, 64],
	"textures": {
		"0": "item/evil_canadi_plush",
		"1": "item/evil_canadi_plush_hat",
		"2": "item/evil_canadi_plush_wing",
		"particle": "item/evil_canadi_plush"
	},
	"elements": [
		{
			"from": [-6, 4, 9],
			"to": [8, 6, 9.1],
			"rotation": {"angle": 0, "axis": "y", "origin": [8, 5, 9]},
			"faces": {
				"north": {"uv": [14, 2.5, 0, 4.5], "texture": "#2"},
				"south": {"uv": [14, 0, 0, 2], "texture": "#2"}
			}
		},
		{
			"from": [-5.78241, 3.94867, 9.03416],
			"to": [8.21759, 5.94867, 9.13416],
			"rotation": {"angle": -22.5, "axis": "z", "origin": [8, 5, 9]},
			"faces": {
				"north": {"uv": [14, 2.5, 0, 4.5], "texture": "#2"},
				"south": {"uv": [14, 0, 0, 2], "texture": "#2"}
			}
		},
		{
			"from": [-6.21538, 3.94848, 8.99994],
			"to": [7.78462, 5.94848, 9.09994],
			"rotation": {"angle": 22.5, "axis": "z", "origin": [8, 5, 9]},
			"faces": {
				"north": {"uv": [14, 2.5, 0, 4.5], "texture": "#2"},
				"south": {"uv": [14, 0, 0, 2], "texture": "#2"}
			}
		},
		{
			"from": [8, 4, 9],
			"to": [22, 6, 9.1],
			"rotation": {"angle": 0, "axis": "y", "origin": [8, 5, 9]},
			"faces": {
				"north": {"uv": [0, 2.5, 14, 4.5], "texture": "#2"},
				"south": {"uv": [0, 0, 14, 2], "texture": "#2"}
			}
		},
		{
			"from": [7.78241, 3.94867, 9.0342],
			"to": [21.78241, 5.94867, 9.1342],
			"rotation": {"angle": 22.5, "axis": "z", "origin": [8, 5, 9]},
			"faces": {
				"north": {"uv": [0, 2.5, 14, 4.5], "texture": "#2"},
				"south": {"uv": [0, 0, 14, 2], "texture": "#2"}
			}
		},
		{
			"from": [8.21538, 3.94848, 8.9999],
			"to": [22.21538, 5.94848, 9.0999],
			"rotation": {"angle": -22.5, "axis": "z", "origin": [8, 5, 9]},
			"faces": {
				"north": {"uv": [0, 2.5, 14, 4.5], "texture": "#2"},
				"south": {"uv": [0, 0, 14, 2], "texture": "#2"}
			}
		},
		{
			"from": [-2, 9.031, -2],
			"to": [18, 9.031, 18],
			"rotation": {"angle": 5, "axis": "x", "origin": [8, 9.031, 8]},
			"faces": {
				"north": {"uv": [0, 0, 5, 0], "texture": "#1"},
				"east": {"uv": [0, 0, 5, 0], "texture": "#1"},
				"south": {"uv": [0, 0, 5, 0], "texture": "#1"},
				"west": {"uv": [0, 0, 5, 0], "texture": "#1"},
				"up": {"uv": [0, 0, 5, 5], "texture": "#1"},
				"down": {"uv": [0, 0, 5, 5], "texture": "#1"}
			}
		},
		{
			"from": [-2, 9.021, -2],
			"to": [18, 9.021, 18],
			"rotation": {"angle": 5, "axis": "x", "origin": [8, 9.021, 8]},
			"faces": {
				"north": {"uv": [0, 0, 5, 0], "texture": "#1"},
				"east": {"uv": [0, 0, 5, 0], "texture": "#1"},
				"south": {"uv": [0, 0, 5, 0], "texture": "#1"},
				"west": {"uv": [0, 0, 5, 0], "texture": "#1"},
				"up": {"uv": [0, 5.5, 5, 10.5], "texture": "#1"},
				"down": {"uv": [0, 5.25, 5, 10.25], "texture": "#1"}
			}
		},
		{
			"from": [3, 8.98097, 3],
			"to": [13, 12.98097, 13],
			"rotation": {"angle": 7.5, "axis": "x", "origin": [8, 8.98097, 7.56422]},
			"faces": {
				"north": {"uv": [5.25, 5.5, 7.75, 6.5], "texture": "#1"},
				"east": {"uv": [5.25, 6.75, 7.75, 7.75], "texture": "#1"},
				"south": {"uv": [8, 0, 10.5, 1], "texture": "#1"},
				"west": {"uv": [8, 1.25, 10.5, 2.25], "texture": "#1"},
				"up": {"uv": [7.75, 2.5, 5.25, 0], "texture": "#1"},
				"down": {"uv": [7.75, 2.75, 5.25, 5.25], "texture": "#1"}
			}
		},
		{
			"from": [4, 2.9, -2],
			"to": [6, 9.9, -2],
			"rotation": {"angle": 0, "axis": "y", "origin": [5, 4.5, -1.5]},
			"faces": {
				"north": {"uv": [9.75, 3, 8, 2.5], "rotation": 90, "texture": "#1"},
				"east": {"uv": [0, 0, 1.75, 0], "rotation": 270, "texture": "#1"},
				"south": {"uv": [9.75, 2.5, 8, 3], "rotation": 90, "texture": "#1"},
				"west": {"uv": [0, 0, 1.75, 0], "rotation": 90, "texture": "#1"},
				"up": {"uv": [0, 0, 0.5, 0], "rotation": 180, "texture": "#1"},
				"down": {"uv": [0, 0, 0.5, 0], "texture": "#1"}
			}
		},
		{
			"from": [4, 9.55, -1.93578],
			"to": [6, 9.55, 3.06422],
			"rotation": {"angle": 5, "axis": "x", "origin": [2, 8.13097, 2.56422]},
			"faces": {
				"north": {"uv": [0, 0, 0.5, 0], "texture": "#1"},
				"east": {"uv": [0, 0, 1.25, 0], "texture": "#1"},
				"south": {"uv": [0, 0, 0.5, 0], "texture": "#1"},
				"west": {"uv": [0, 0, 1.25, 0], "texture": "#1"},
				"up": {"uv": [8, 4, 9.25, 4.5], "rotation": 270, "texture": "#1"},
				"down": {"uv": [8, 4.5, 9.25, 4], "rotation": 90, "texture": "#1"}
			}
		},
		{
			"name": "Head",
			"from": [5, 6, 5],
			"to": [11, 12, 11],
			"rotation": {"angle": 0, "axis": "y", "origin": [0, 6, 0]},
			"faces": {
				"north": {"uv": [0, 0, 3, 3], "texture": "#0"},
				"east": {"uv": [0, 3, 3, 6], "texture": "#0"},
				"south": {"uv": [3, 0, 6, 3], "texture": "#0"},
				"west": {"uv": [3, 3, 6, 6], "texture": "#0"},
				"up": {"uv": [3, 9, 0, 6], "texture": "#0"},
				"down": {"uv": [9, 0, 6, 3], "texture": "#0"}
			}
		},
		{
			"name": "Body",
			"from": [6, 2, 7],
			"to": [10, 6, 9],
			"rotation": {"angle": 0, "axis": "y", "origin": [10, 14, 9]},
			"faces": {
				"north": {"uv": [3, 6, 5, 8], "texture": "#0"},
				"east": {"uv": [5, 6, 6, 8], "texture": "#0"},
				"south": {"uv": [6, 3, 8, 5], "texture": "#0"},
				"west": {"uv": [6, 5, 7, 7], "texture": "#0"},
				"up": {"uv": [9, 6, 7, 5], "texture": "#0"},
				"down": {"uv": [8, 7, 6, 8], "texture": "#0"}
			}
		},
		{
			"name": "LeftArm",
			"from": [5, 4.001, 4],
			"to": [7, 6.001, 8],
			"rotation": {"angle": 22.5, "axis": "y", "origin": [6, 5, 8]},
			"faces": {
				"north": {"uv": [11, 0, 10, 1], "rotation": 180, "texture": "#0"},
				"east": {"uv": [8, 3, 9, 5], "rotation": 270, "texture": "#0"},
				"south": {"uv": [8, 7, 7, 6], "texture": "#0"},
				"west": {"uv": [5, 8, 6, 10], "rotation": 90, "texture": "#0"},
				"up": {"uv": [3, 8, 4, 10], "rotation": 180, "texture": "#0"},
				"down": {"uv": [4, 8, 5, 10], "texture": "#0"}
			}
		},
		{
			"name": "RightArm",
			"from": [9, 4.001, 4],
			"to": [11, 6.001, 8],
			"rotation": {"angle": -22.5, "axis": "y", "origin": [10, 5, 8]},
			"faces": {
				"north": {"uv": [11, 2, 10, 3], "rotation": 180, "texture": "#0"},
				"east": {"uv": [8, 6, 9, 8], "rotation": 270, "texture": "#0"},
				"south": {"uv": [11, 2, 10, 1], "texture": "#0"},
				"west": {"uv": [8, 8, 9, 10], "rotation": 90, "texture": "#0"},
				"up": {"uv": [6, 8, 7, 10], "rotation": 180, "texture": "#0"},
				"down": {"uv": [7, 8, 8, 10], "texture": "#0"}
			}
		},
		{
			"name": "LeftLeg",
			"from": [6.1, 0.001, 4],
			"to": [8.1, 2.001, 8],
			"rotation": {"angle": 22.5, "axis": "y", "origin": [7, 1, 8]},
			"faces": {
				"north": {"uv": [11, 3, 10, 4], "rotation": 180, "texture": "#0"},
				"east": {"uv": [9, 0, 10, 2], "rotation": 270, "texture": "#0"},
				"south": {"uv": [4, 11, 3, 10], "texture": "#0"},
				"west": {"uv": [2, 9, 3, 11], "rotation": 90, "texture": "#0"},
				"up": {"uv": [0, 9, 1, 11], "rotation": 180, "texture": "#0"},
				"down": {"uv": [1, 9, 2, 11], "texture": "#0"}
			}
		},
		{
			"name": "RightLeg",
			"from": [7.9, 0.001, 4],
			"to": [9.9, 2.001, 8],
			"rotation": {"angle": -22.5, "axis": "y", "origin": [9, 1, 8]},
			"faces": {
				"north": {"uv": [11, 4, 10, 5], "rotation": 180, "texture": "#0"},
				"east": {"uv": [9, 4, 10, 6], "rotation": 270, "texture": "#0"},
				"south": {"uv": [5, 11, 4, 10], "texture": "#0"},
				"west": {"uv": [9, 8, 10, 10], "rotation": 90, "texture": "#0"},
				"up": {"uv": [9, 2, 10, 4], "rotation": 180, "texture": "#0"},
				"down": {"uv": [9, 6, 10, 8], "texture": "#0"}
			}
		}
	],
	"display": {
		"thirdperson_righthand": {
			"rotation": [0, 168, 0],
			"translation": [0, 2.01, 0]
		},
		"thirdperson_lefthand": {
			"rotation": [0, 168, 0],
			"translation": [0, 2.01, 0]
		},
		"firstperson_righthand": {
			"rotation": [0, 143, 0],
			"translation": [0, 6.5, 1]
		},
		"firstperson_lefthand": {
			"rotation": [0, 143, 0],
			"translation": [0, 6.5, 1]
		},
		"ground": {
			"translation": [0, 4.5, 0]
		},
		"gui": {
			"rotation": [5, -180, 0],
			"translation": [0, 1, 0]
		},
		"head": {
			"translation": [0, 16.5, 0],
			"scale": [1.25, 1.25, 1.25]
		}
	},
	"groups": [
		{
			"name": "Wings",
			"origin": [0, 6, 2],
			"color": 0,
			"children": [
				{
					"name": "LT",
					"origin": [0, 6, 2],
					"color": 0,
					"children": [
						{
							"name": "LW",
							"origin": [0, 6, 2],
							"color": 0,
							"children": [0]
						},
						{
							"name": "LW2",
							"origin": [0, 6, 2],
							"color": 0,
							"children": [1]
						},
						{
							"name": "LW3",
							"origin": [0, 6, 2],
							"color": 0,
							"children": [2]
						}
					]
				},
				{
					"name": "RT",
					"origin": [0, 6, 2],
					"color": 0,
					"children": [
						{
							"name": "RW",
							"origin": [0, 6, 2],
							"color": 0,
							"children": [3]
						},
						{
							"name": "RW2",
							"origin": [0, 6, 2],
							"color": 0,
							"children": [4]
						},
						{
							"name": "RW3",
							"origin": [0, 6, 2],
							"color": 0,
							"children": [5]
						}
					]
				}
			]
		},
		{
			"name": "sunhat",
			"origin": [0, 4, 0],
			"color": 0,
			"children": [
				6,
				7,
				8,
				{
					"name": "plane",
					"origin": [-3.5, 9.13097, -5.43578],
					"color": 0,
					"children": [9, 10]
				}
			]
		},
		{
			"name": "bone",
			"origin": [0, 0, 0],
			"color": 0,
			"children": [11, 12, 13, 14, 15, 16]
		}
	]
}