{
	"format_version": "1.21.6",
	"credit": "Made with Blockbench",
	"textures": {
		"0": "item/green_crucifix",
		"particle": "item/green_crucifix"
	},
	"elements": [
		{
			"from": [7, 0, 2],
			"to": [9, 1, 14],
			"rotation": {"angle": 0, "axis": "y", "origin": [7, 0, 2]},
			"faces": {
				"north": {"uv": [10, 12, 12, 13], "texture": "#0"},
				"east": {"uv": [4, 0, 16, 1], "texture": "#0"},
				"south": {"uv": [12, 12, 14, 13], "texture": "#0"},
				"west": {"uv": [4, 1, 16, 2], "texture": "#0"},
				"up": {"uv": [2, 12, 0, 0], "texture": "#0"},
				"down": {"uv": [4, 0, 2, 12], "texture": "#0"}
			}
		},
		{
			"from": [9, 0, 9],
			"to": [12, 1, 11],
			"rotation": {"angle": 0, "axis": "y", "origin": [9, 0, 9]},
			"faces": {
				"north": {"uv": [7, 10, 10, 11], "texture": "#0"},
				"east": {"uv": [0, 13, 2, 14], "texture": "#0"},
				"south": {"uv": [10, 8, 13, 9], "texture": "#0"},
				"west": {"uv": [2, 13, 4, 14], "texture": "#0"},
				"up": {"uv": [7, 4, 4, 2], "texture": "#0"},
				"down": {"uv": [7, 4, 4, 6], "texture": "#0"}
			}
		},
		{
			"from": [4, 0, 9],
			"to": [7, 1, 11],
			"rotation": {"angle": 0, "axis": "y", "origin": [4, 0, 9]},
			"faces": {
				"north": {"uv": [10, 9, 13, 10], "texture": "#0"},
				"east": {"uv": [13, 2, 15, 3], "texture": "#0"},
				"south": {"uv": [10, 10, 13, 11], "texture": "#0"},
				"west": {"uv": [13, 3, 15, 4], "texture": "#0"},
				"up": {"uv": [7, 8, 4, 6], "texture": "#0"},
				"down": {"uv": [10, 2, 7, 4], "texture": "#0"}
			}
		},
		{
			"from": [6.5, -0.5, 12],
			"to": [9.5, 1.5, 13],
			"rotation": {"angle": 0, "axis": "y", "origin": [6, 0, 12]},
			"faces": {
				"north": {"uv": [7, 4, 10, 6], "texture": "#0"},
				"east": {"uv": [4, 13, 5, 15], "texture": "#0"},
				"south": {"uv": [7, 6, 10, 8], "texture": "#0"},
				"west": {"uv": [13, 4, 14, 6], "texture": "#0"},
				"up": {"uv": [10, 12, 7, 11], "texture": "#0"},
				"down": {"uv": [13, 11, 10, 12], "texture": "#0"}
			}
		},
		{
			"from": [6.5, -0.5, 3],
			"to": [9.5, 1.5, 4],
			"rotation": {"angle": 0, "axis": "y", "origin": [6, 0, 3]},
			"faces": {
				"north": {"uv": [4, 8, 7, 10], "texture": "#0"},
				"east": {"uv": [5, 13, 6, 15], "texture": "#0"},
				"south": {"uv": [7, 8, 10, 10], "texture": "#0"},
				"west": {"uv": [13, 6, 14, 8], "texture": "#0"},
				"up": {"uv": [3, 13, 0, 12], "texture": "#0"},
				"down": {"uv": [6, 12, 3, 13], "texture": "#0"}
			}
		},
		{
			"from": [5, -0.5, 8.5],
			"to": [6, 1.5, 11.5],
			"rotation": {"angle": 0, "axis": "y", "origin": [4, 0, 8]},
			"faces": {
				"north": {"uv": [13, 8, 14, 10], "texture": "#0"},
				"east": {"uv": [10, 2, 13, 4], "texture": "#0"},
				"south": {"uv": [10, 13, 11, 15], "texture": "#0"},
				"west": {"uv": [4, 10, 7, 12], "texture": "#0"},
				"up": {"uv": [7, 15, 6, 12], "texture": "#0"},
				"down": {"uv": [8, 12, 7, 15], "texture": "#0"}
			}
		},
		{
			"from": [10, -0.5, 8.5],
			"to": [11, 1.5, 11.5],
			"rotation": {"angle": 0, "axis": "y", "origin": [9, 0, 8]},
			"faces": {
				"north": {"uv": [13, 10, 14, 12], "texture": "#0"},
				"east": {"uv": [10, 4, 13, 6], "texture": "#0"},
				"south": {"uv": [11, 13, 12, 15], "texture": "#0"},
				"west": {"uv": [10, 6, 13, 8], "texture": "#0"},
				"up": {"uv": [9, 15, 8, 12], "texture": "#0"},
				"down": {"uv": [10, 12, 9, 15], "texture": "#0"}
			}
		}
	],
	"display": {
		"thirdperson_righthand": {
			"rotation": [-76.5, 0, 0],
			"translation": [0, 1.5, -5.75]
		},
		"thirdperson_lefthand": {
			"rotation": [-76.5, 0, 0],
			"translation": [0, 1.5, -5.75]
		},
		"firstperson_righthand": {
			"rotation": [-108, -5, 0],
			"translation": [-1, 0.75, -4.75],
			"scale": [1.1, 1.1, 1.1]
		},
		"firstperson_lefthand": {
			"rotation": [-108, -5, 0],
			"translation": [-1, 0.75, -4.75],
			"scale": [1.1, 1.1, 1.1]
		},
		"ground": {
			"translation": [0, 4.75, 0]
		},
		"gui": {
			"rotation": [-90, 12.5, -25],
			"translation": [2.75, -0.75, 0]
		},
		"head": {
			"translation": [0, 14.5, 0]
		},
		"fixed": {
			"rotation": [-90, 0, 0],
			"translation": [0, 0, -9],
			"scale": [1.25, 1.25, 1.25]
		}
	},
	"groups": [
		{
			"name": "bone",
			"origin": [0, 0, 0],
			"color": 0,
			"children": [0, 1, 2, 3, 4, 5, 6]
		}
	]
}