{
	"credit": "Made with Blockbench",
	"texture_size": [64, 64],
	"textures": {
		"1": "item/necroblocksicon"
	},
	"elements": [
		{
			"from": [12.5, 0, 7.5],
			"to": [13, 12, 8.5],
			"rotation": {"angle": 0, "axis": "y", "origin": [4, 0, 7]},
			"faces": {
				"north": {"uv": [3.5, 6, 3.625, 9], "texture": "#1"},
				"east": {"uv": [5, 5.5, 5.25, 8.5], "texture": "#1"},
				"south": {"uv": [3.75, 6, 3.875, 9], "texture": "#1"},
				"west": {"uv": [5.25, 5.5, 5.5, 8.5], "texture": "#1"},
				"up": {"uv": [4.125, 6.25, 4, 6], "texture": "#1"},
				"down": {"uv": [4.375, 6, 4.25, 6.25], "texture": "#1"}
			}
		},
		{
			"from": [3, 0, 6.5],
			"to": [13, 12, 7.5],
			"rotation": {"angle": 0, "axis": "y", "origin": [3, 0, 6]},
			"faces": {
				"north": {"uv": [0, 0, 2.5, 3], "texture": "#1"},
				"east": {"uv": [5.5, 5.5, 5.75, 8.5], "texture": "#1"},
				"south": {"uv": [2.5, 0, 5, 3], "texture": "#1"},
				"west": {"uv": [5.75, 5.5, 6, 8.5], "texture": "#1"},
				"up": {"uv": [3.5, 6.25, 1, 6], "texture": "#1"},
				"down": {"uv": [8.5, 5.5, 6, 5.75], "texture": "#1"}
			}
		},
		{
			"from": [3, 0, 8.5],
			"to": [13, 12, 9.5],
			"rotation": {"angle": 0, "axis": "y", "origin": [3, 0, 8]},
			"faces": {
				"north": {"uv": [0, 3, 2.5, 6], "texture": "#1"},
				"east": {"uv": [0, 6, 0.25, 9], "texture": "#1"},
				"south": {"uv": [2.5, 3, 5, 6], "texture": "#1"},
				"west": {"uv": [0.25, 6, 0.5, 9], "texture": "#1"},
				"up": {"uv": [8.5, 6, 6, 5.75], "texture": "#1"},
				"down": {"uv": [8.5, 6, 6, 6.25], "texture": "#1"}
			}
		},
		{
			"from": [3.5, 0.5, 7.5],
			"to": [12.5, 11.5, 8.5],
			"rotation": {"angle": 0, "axis": "y", "origin": [3, 0, 7]},
			"faces": {
				"north": {"uv": [5, 0, 7.25, 2.75], "texture": "#1"},
				"east": {"uv": [0.5, 6, 0.75, 8.75], "texture": "#1"},
				"south": {"uv": [5, 2.75, 7.25, 5.5], "texture": "#1"},
				"west": {"uv": [0.75, 6, 1, 8.75], "texture": "#1"},
				"up": {"uv": [3.25, 6.5, 1, 6.25], "texture": "#1"},
				"down": {"uv": [8.25, 6.25, 6, 6.5], "texture": "#1"}
			}
		}
	],
	"overrides": [
		{"predicate": {"custom_model_data": 1}, "model": "minecraft:item/sticky_amethyst"}
	],
	"display": {
		"thirdperson_righthand": {
			"rotation": [0, -90, 0],
			"translation": [0, 0, -3]
		},
		"thirdperson_lefthand": {
			"rotation": [0, 90, 0],
			"translation": [0, 0, -3]
		},
		"firstperson_righthand": {
			"rotation": [0, 110, 0],
			"translation": [0, 6, 1]
		},
		"firstperson_lefthand": {
			"rotation": [0, 110, 0],
			"translation": [0, 6, 1]
		},
		"ground": {
			"translation": [0, 4.25, 0]
		},
		"gui": {
			"rotation": [20, 138, 0],
			"translation": [0, 1.5, 0]
		},
		"fixed": {
			"translation": [0, 2.25, 0]
		}
	}
}