{
	"credit": "Made with Blockbench",
	"texture_size": [64, 64],
	"textures": {
		"1": "item/necroblocksicon"
	},
	"elements": [
		{
			"from": [5, 0, 5],
			"to": [11, 6, 11],
			"rotation": {"angle": 0, "axis": "y", "origin": [5, 0, 5]},
			"faces": {
				"north": {"uv": [8.75, 1.5, 10.25, 3], "texture": "#1"},
				"east": {"uv": [7.25, 1.5, 8.75, 3], "texture": "#1"},
				"south": {"uv": [8.75, 4.5, 10.25, 6], "texture": "#1"},
				"west": {"uv": [10.25, 1.5, 11.75, 3], "texture": "#1"},
				"up": {"uv": [8.75, 0, 10.25, 1.5], "texture": "#1"},
				"down": {"uv": [8.75, 3, 10.25, 4.5], "texture": "#1"}
			}
		}
	],
	"overrides": [
		{"predicate": {"custom_model_data": 1}, "model": "minecraft:item/sticky_amethyst"}
	],
	"display": {
		"thirdperson_righthand": {
			"rotation": [0, -45, 0],
			"translation": [0, 8.75, 1.75]
		},
		"thirdperson_lefthand": {
			"rotation": [0, -45, 0],
			"translation": [0, 8.75, 1.75]
		},
		"firstperson_righthand": {
			"rotation": [0, 35, 0],
			"translation": [2, 9, -4]
		},
		"firstperson_lefthand": {
			"rotation": [0, 35, 0],
			"translation": [2, 9, -4]
		},
		"ground": {
			"translation": [0, 4.75, 0]
		},
		"gui": {
			"rotation": [20, 138, 0],
			"translation": [0, 7, 0],
			"scale": [1.5, 1.5, 1.5]
		},
		"head": {
			"translation": [0, 11, 0],
			"scale": [2.25, 2.25, 2.25]
		},
		"fixed": {
			"translation": [0, 2.25, 0]
		}
	}
}