{
	"format_version": "1.21.6",
	"credit": "Made with Blockbench",
	"texture_size": [64, 64],
	"textures": {
		"1": "item/necroblocksicon"
	},
	"elements": [
		{
			"from": [5, 0, 5],
			"to": [11, 6, 11],
			"rotation": {"angle": 0, "axis": "y", "origin": [5, 0, 5]},
			"faces": {
				"north": {"uv": [8.75, 1.5, 10.25, 3], "texture": "#1"},
				"east": {"uv": [7.25, 1.5, 8.75, 3], "texture": "#1"},
				"south": {"uv": [8.75, 4.5, 10.25, 6], "texture": "#1"},
				"west": {"uv": [10.25, 1.5, 11.75, 3], "texture": "#1"},
				"up": {"uv": [8.75, 0, 10.25, 1.5], "texture": "#1"},
				"down": {"uv": [8.75, 3, 10.25, 4.5], "texture": "#1"}
			}
		}
	],
	"groups": [
		{
			"name": "bone",
			"origin": [0, 0, 0],
			"color": 0,
			"children": [0]
		}
	]
}