{
	"credit": "Made with Blockbench",
	"texture_size": [64, 64],
	"textures": {
		"1": "item/necroblocksicon"
	},
	"elements": [
		{
			"from": [7.5, -0.5, 2],
			"to": [8.5, 0, 14],
			"rotation": {"angle": 0, "axis": "z", "origin": [8, -0.25, 8]},
			"faces": {
				"north": {"uv": [4.375, 6, 4.25, 6.25], "rotation": 90, "texture": "#1"},
				"east": {"uv": [3.5, 6, 3.625, 9], "rotation": 270, "texture": "#1"},
				"south": {"uv": [4.125, 6.25, 4, 6], "rotation": 90, "texture": "#1"},
				"west": {"uv": [3.75, 6, 3.875, 9], "rotation": 90, "texture": "#1"},
				"up": {"uv": [5.25, 5.5, 5.5, 8.5], "rotation": 180, "texture": "#1"},
				"down": {"uv": [5, 5.5, 5.25, 8.5], "texture": "#1"}
			}
		},
		{
			"from": [8, 1, 2],
			"to": [18, 2, 14],
			"rotation": {"angle": 22.5, "axis": "z", "origin": [13, 1.5, 8]},
			"faces": {
				"north": {"uv": [8.5, 5.5, 6, 5.75], "texture": "#1"},
				"east": {"uv": [5.75, 5.5, 6, 8.5], "rotation": 270, "texture": "#1"},
				"south": {"uv": [3.5, 6.25, 1, 6], "rotation": 180, "texture": "#1"},
				"west": {"uv": [5.5, 5.5, 5.75, 8.5], "rotation": 90, "texture": "#1"},
				"up": {"uv": [2.5, 0, 5, 3], "rotation": 180, "texture": "#1"},
				"down": {"uv": [0, 0, 2.5, 3], "texture": "#1"}
			}
		},
		{
			"from": [-2, 1, 2],
			"to": [8, 2, 14],
			"rotation": {"angle": -22.5, "axis": "z", "origin": [3, 1.5, 8]},
			"faces": {
				"north": {"uv": [8.5, 6, 6, 6.25], "rotation": 180, "texture": "#1"},
				"east": {"uv": [0, 6, 0.25, 9], "rotation": 270, "texture": "#1"},
				"south": {"uv": [8.5, 6, 6, 5.75], "texture": "#1"},
				"west": {"uv": [0.25, 6, 0.5, 9], "rotation": 90, "texture": "#1"},
				"up": {"uv": [0, 3, 2.5, 6], "rotation": 180, "texture": "#1"},
				"down": {"uv": [2.5, 3, 5, 6], "texture": "#1"}
			}
		},
		{
			"from": [7.5, 1.7, 2.5],
			"to": [17.5, 2.2, 13.5],
			"rotation": {"angle": 22.5, "axis": "z", "origin": [12, 2.5, 8]},
			"faces": {
				"north": {"uv": [8.25, 6.25, 6, 6.5], "rotation": 180, "texture": "#1"},
				"east": {"uv": [0.5, 6, 0.75, 8.75], "rotation": 270, "texture": "#1"},
				"south": {"uv": [3.25, 6.5, 1, 6.25], "texture": "#1"},
				"west": {"uv": [0.75, 6, 1, 8.75], "rotation": 90, "texture": "#1"},
				"up": {"uv": [5, 0, 7.25, 2.75], "rotation": 180, "texture": "#1"},
				"down": {"uv": [5, 2.75, 7.25, 5.5], "texture": "#1"}
			}
		},
		{
			"from": [-1.5, 1.7, 2.5],
			"to": [8.5, 2.2, 13.5],
			"rotation": {"angle": -22.5, "axis": "z", "origin": [4, 2.5, 8]},
			"faces": {
				"north": {"uv": [8.25, 6.25, 6, 6.5], "texture": "#1"},
				"east": {"uv": [0.75, 6, 1, 8.75], "rotation": 270, "texture": "#1"},
				"south": {"uv": [3.25, 6.5, 1, 6.25], "rotation": 180, "texture": "#1"},
				"west": {"uv": [0.5, 6, 0.75, 8.75], "rotation": 90, "texture": "#1"},
				"up": {"uv": [5, 2.75, 7.25, 5.5], "rotation": 180, "texture": "#1"},
				"down": {"uv": [5, 0, 7.25, 2.75], "texture": "#1"}
			}
		}
	],
	"display": {
		"thirdperson_righthand": {
			"rotation": [-60, 0, 150],
			"translation": [-3.25, 0.75, 6.5],
			"scale": [0.75, 0.75, 0.75]
		},
		"thirdperson_lefthand": {
			"rotation": [-60, 0, 150.5],
			"translation": [-3.25, 0.75, 6.5],
			"scale": [0.75, 0.75, 0.75]
		},
		"firstperson_righthand": {
			"rotation": [40, 180, -10],
			"translation": [0, 7, 1.5]
		},
		"firstperson_lefthand": {
			"rotation": [40, 180, -10],
			"translation": [0, 7, 1.5]
		},
		"ground": {
			"translation": [0, 5.75, 0]
		},
		"gui": {
			"rotation": [67, 158, 0],
			"translation": [0.25, 1.5, 0],
			"scale": [0.8, 0.8, 0.8]
		},
		"head": {
			"rotation": [180, 0, 0],
			"translation": [0, -1.5, 0],
			"scale": [1.25, 1.25, 1.25]
		},
		"fixed": {
			"translation": [0, 2.25, 0]
		}
	}
}