{
	"format_version": "1.21.6",
	"credit": "Made with Blockbench",
	"texture_size": [32, 32],
	"textures": {
		"1": "item/rifle"
	},
	"elements": [
		{
			"from": [7.49995, 0, 6],
			"to": [8.50005, 1, 14],
			"rotation": {"angle": 22.5, "axis": "x", "origin": [8.5, 0, 14]},
			"faces": {
				"north": {"uv": [7, 4.5, 7.5, 5], "texture": "#1"},
				"east": {"uv": [1, 1, 5, 1.5], "texture": "#1"},
				"south": {"uv": [7, 5, 7.5, 5.5], "texture": "#1"},
				"west": {"uv": [1, 1.5, 5, 2], "texture": "#1"},
				"up": {"uv": [1.5, 6, 1, 2], "texture": "#1"},
				"down": {"uv": [2, 2, 1.5, 6], "texture": "#1"}
			}
		},
		{
			"from": [7.5, 0, 14],
			"to": [8.5, 3.5, 16],
			"rotation": {"angle": 0, "axis": "y", "origin": [6.5, 0, 14]},
			"faces": {
				"north": {"uv": [3, 4, 3.5, 5.75], "texture": "#1"},
				"east": {"uv": [2, 2, 3, 3.75], "texture": "#1"},
				"south": {"uv": [3.5, 4, 4, 5.75], "texture": "#1"},
				"west": {"uv": [3, 2, 4, 3.75], "texture": "#1"},
				"up": {"uv": [6, 1, 5.5, 0], "texture": "#1"},
				"down": {"uv": [3.5, 6, 3, 7], "texture": "#1"}
			}
		},
		{
			"from": [7.5, 1, 12],
			"to": [8.5, 3.5, 14],
			"rotation": {"angle": 0, "axis": "y", "origin": [6.5, 2, 13]},
			"faces": {
				"north": {"uv": [1.5, 6, 2, 7.25], "texture": "#1"},
				"east": {"uv": [2, 4, 3, 5.25], "texture": "#1"},
				"south": {"uv": [6, 1.5, 6.5, 2.75], "texture": "#1"},
				"west": {"uv": [4, 2, 5, 3.25], "texture": "#1"},
				"up": {"uv": [4, 7, 3.5, 6], "texture": "#1"},
				"down": {"uv": [6.5, 5, 6, 6], "texture": "#1"}
			}
		},
		{
			"from": [7.5, 1.9, 10],
			"to": [8.5, 3.5, 12],
			"rotation": {"angle": 0, "axis": "y", "origin": [6.5, 2, 11]},
			"faces": {
				"north": {"uv": [6.5, 4.5, 7, 5.25], "texture": "#1"},
				"east": {"uv": [5, 1, 6, 1.75], "texture": "#1"},
				"south": {"uv": [5, 6.5, 5.5, 7.25], "texture": "#1"},
				"west": {"uv": [5, 2, 6, 2.75], "texture": "#1"},
				"up": {"uv": [6.5, 7, 6, 6], "texture": "#1"},
				"down": {"uv": [0.5, 6.5, 0, 7.5], "texture": "#1"}
			}
		},
		{
			"from": [7.5, 2.5, 8],
			"to": [8.5, 3.5, 10],
			"rotation": {"angle": 0, "axis": "y", "origin": [6.5, 2, 10]},
			"faces": {
				"north": {"uv": [6, 7, 6.5, 7.5], "texture": "#1"},
				"east": {"uv": [6.5, 0, 7.5, 0.5], "texture": "#1"},
				"south": {"uv": [6.5, 7, 7, 7.5], "texture": "#1"},
				"west": {"uv": [6.5, 0.5, 7.5, 1], "texture": "#1"},
				"up": {"uv": [1, 7.5, 0.5, 6.5], "texture": "#1"},
				"down": {"uv": [7, 1, 6.5, 2], "texture": "#1"}
			}
		},
		{
			"from": [7.5, 3, 4],
			"to": [8.5, 4, 7],
			"rotation": {"angle": 0, "axis": "y", "origin": [6.5, 2, 7]},
			"faces": {
				"north": {"uv": [7, 7, 7.5, 7.5], "texture": "#1"},
				"east": {"uv": [5, 3, 6.5, 3.5], "texture": "#1"},
				"south": {"uv": [0, 7.5, 0.5, 8], "texture": "#1"},
				"west": {"uv": [5, 4.5, 6.5, 5], "texture": "#1"},
				"up": {"uv": [5.5, 6.5, 5, 5], "texture": "#1"},
				"down": {"uv": [2.5, 5.5, 2, 7], "texture": "#1"}
			}
		},
		{
			"from": [7.5, 3, -7],
			"to": [8.5, 4, 4],
			"rotation": {"angle": 0, "axis": "y", "origin": [6.5, 2, 2]},
			"faces": {
				"north": {"uv": [7.5, 0, 8, 0.5], "texture": "#1"},
				"east": {"uv": [0, 0, 5.5, 0.5], "texture": "#1"},
				"south": {"uv": [0.5, 7.5, 1, 8], "texture": "#1"},
				"west": {"uv": [0, 0.5, 5.5, 1], "texture": "#1"},
				"up": {"uv": [0.5, 6.5, 0, 1], "texture": "#1"},
				"down": {"uv": [1, 1, 0.5, 6.5], "texture": "#1"}
			}
		},
		{
			"from": [8, 2, 5],
			"to": [8, 3, 7],
			"rotation": {"angle": 0, "axis": "y", "origin": [5.5, 2, 5]},
			"faces": {
				"north": {"uv": [0, 0, 0, 0.5], "texture": "#1"},
				"east": {"uv": [6.5, 2, 7.5, 2.5], "texture": "#1"},
				"south": {"uv": [0, 0, 0, 0.5], "texture": "#1"},
				"west": {"uv": [6.5, 2.5, 7.5, 3], "texture": "#1"},
				"up": {"uv": [0, 1, 0, 0], "texture": "#1"},
				"down": {"uv": [0, 0, 0, 1], "texture": "#1"}
			}
		},
		{
			"from": [7.625, 4, 4],
			"to": [8.375, 4.325, 7],
			"rotation": {"angle": 0, "axis": "y", "origin": [7.5, 4, 5]},
			"faces": {
				"north": {"uv": [7.5, 2.5, 8, 2.75], "texture": "#1"},
				"east": {"uv": [6.5, 3, 8, 3.25], "texture": "#1"},
				"south": {"uv": [7.5, 3.5, 8, 3.75], "texture": "#1"},
				"west": {"uv": [6.5, 5.5, 8, 5.75], "texture": "#1"},
				"up": {"uv": [3, 7, 2.5, 5.5], "texture": "#1"},
				"down": {"uv": [6, 5, 5.5, 6.5], "texture": "#1"}
			}
		},
		{
			"from": [7.7, 4, -7],
			"to": [8.3, 4.3, 0],
			"rotation": {"angle": 0, "axis": "y", "origin": [7.5, 4, -2]},
			"faces": {
				"north": {"uv": [1.5, 8, 1.75, 8.25], "texture": "#1"},
				"east": {"uv": [4, 3.5, 7.5, 3.75], "texture": "#1"},
				"south": {"uv": [2, 8, 2.25, 8.25], "texture": "#1"},
				"west": {"uv": [4, 4, 7.5, 4.25], "texture": "#1"},
				"up": {"uv": [4.25, 8, 4, 4.5], "texture": "#1"},
				"down": {"uv": [4.75, 4.5, 4.5, 8], "texture": "#1"}
			}
		},
		{
			"from": [7.75, 3.75, -9],
			"to": [8.25, 4.25, -8],
			"rotation": {"angle": 0, "axis": "y", "origin": [7.5, 4, -5]},
			"faces": {
				"north": {"uv": [2.5, 8, 2.75, 8.25], "texture": "#1"},
				"east": {"uv": [7.5, 4, 8, 4.25], "texture": "#1"},
				"south": {"uv": [8, 2.5, 8.25, 2.75], "texture": "#1"},
				"west": {"uv": [7.5, 4.5, 8, 4.75], "texture": "#1"},
				"up": {"uv": [5.25, 8, 5, 7.5], "texture": "#1"},
				"down": {"uv": [7.75, 5, 7.5, 5.5], "texture": "#1"}
			}
		},
		{
			"from": [7.8, 4.25, -8.9],
			"to": [8.2, 4.45, -8.6],
			"rotation": {"angle": 0, "axis": "y", "origin": [7.5, 5, -5]},
			"faces": {
				"north": {"uv": [3, 8, 3.25, 8.25], "texture": "#1"},
				"east": {"uv": [8, 3, 8.25, 3.25], "texture": "#1"},
				"south": {"uv": [3.5, 8, 3.75, 8.25], "texture": "#1"},
				"west": {"uv": [8, 3.5, 8.25, 3.75], "texture": "#1"},
				"up": {"uv": [4.25, 8.25, 4, 8], "texture": "#1"},
				"down": {"uv": [8.25, 4, 8, 4.25], "texture": "#1"}
			}
		},
		{
			"from": [7.575, 4, 1],
			"to": [8.425, 4.375, 4],
			"rotation": {"angle": 0, "axis": "y", "origin": [7.5, 4, 2]},
			"faces": {
				"north": {"uv": [5.5, 7.5, 6, 7.75], "texture": "#1"},
				"east": {"uv": [6.5, 6, 8, 6.25], "texture": "#1"},
				"south": {"uv": [6, 7.5, 6.5, 7.75], "texture": "#1"},
				"west": {"uv": [6.5, 6.5, 8, 6.75], "texture": "#1"},
				"up": {"uv": [6.5, 1.5, 6, 0], "texture": "#1"},
				"down": {"uv": [1.5, 6, 1, 7.5], "texture": "#1"}
			}
		},
		{
			"from": [7.5, 4, 0.25],
			"to": [8.5, 4.5, 1],
			"rotation": {"angle": 0, "axis": "y", "origin": [7.5, 4, -1]},
			"faces": {
				"north": {"uv": [6.5, 7.5, 7, 7.75], "texture": "#1"},
				"east": {"uv": [7, 7.5, 7.5, 7.75], "texture": "#1"},
				"south": {"uv": [7.5, 7, 8, 7.25], "texture": "#1"},
				"west": {"uv": [7.5, 7.5, 8, 7.75], "texture": "#1"},
				"up": {"uv": [8, 1, 7.5, 0.5], "texture": "#1"},
				"down": {"uv": [1.5, 7.5, 1, 8], "texture": "#1"}
			}
		},
		{
			"from": [7.5005, 3.87, -1.08],
			"to": [8.4995, 4.37, 0.42],
			"rotation": {"angle": -22.5, "axis": "x", "origin": [7.5, 4, 0]},
			"faces": {
				"north": {"uv": [0, 8, 0.5, 8.25], "texture": "#1"},
				"east": {"uv": [7.5, 1.5, 8.25, 1.75], "texture": "#1"},
				"south": {"uv": [8, 0, 8.5, 0.25], "texture": "#1"},
				"west": {"uv": [7.5, 2, 8.25, 2.25], "texture": "#1"},
				"up": {"uv": [6, 7.25, 5.5, 6.5], "texture": "#1"},
				"down": {"uv": [7.5, 1, 7, 1.75], "texture": "#1"}
			}
		},
		{
			"from": [7.875, 3.875, 7],
			"to": [8.125, 4.125, 7.5],
			"rotation": {"angle": 0, "axis": "y", "origin": [7.5, 4, 7]},
			"faces": {
				"north": {"uv": [4.5, 8, 4.75, 8.25], "texture": "#1"},
				"east": {"uv": [8, 4.5, 8.25, 4.75], "texture": "#1"},
				"south": {"uv": [5, 8, 5.25, 8.25], "texture": "#1"},
				"west": {"uv": [8, 5, 8.25, 5.25], "texture": "#1"},
				"up": {"uv": [5.75, 8.25, 5.5, 8], "texture": "#1"},
				"down": {"uv": [8.25, 5.5, 8, 5.75], "texture": "#1"}
			}
		},
		{
			"from": [8.5, 3.25, 6],
			"to": [9, 4.25, 6.5],
			"rotation": {"angle": 22.5, "axis": "z", "origin": [8.5, 3, 5]},
			"faces": {
				"north": {"uv": [0.5, 8, 0.75, 8.5], "texture": "#1"},
				"east": {"uv": [8, 0.5, 8.25, 1], "texture": "#1"},
				"south": {"uv": [1, 8, 1.25, 8.5], "texture": "#1"},
				"west": {"uv": [8, 1, 8.25, 1.5], "texture": "#1"},
				"up": {"uv": [6.25, 8.25, 6, 8], "texture": "#1"},
				"down": {"uv": [8.25, 6, 8, 6.25], "texture": "#1"}
			}
		},
		{
			"from": [7.5, 3, -8],
			"to": [8.5, 4.3, -7],
			"rotation": {"angle": 0, "axis": "y", "origin": [7.5, 3, -8]},
			"faces": {
				"north": {"uv": [2, 7, 2.5, 7.75], "texture": "#1"},
				"east": {"uv": [2.5, 7, 3, 7.75], "texture": "#1"},
				"south": {"uv": [3, 7, 3.5, 7.75], "texture": "#1"},
				"west": {"uv": [3.5, 7, 4, 7.75], "texture": "#1"},
				"up": {"uv": [8, 1.5, 7.5, 1], "texture": "#1"},
				"down": {"uv": [2, 7.5, 1.5, 8], "texture": "#1"}
			}
		}
	],
	"display": {
		"thirdperson_righthand": {
			"rotation": [-10, -5, 0],
			"translation": [0.25, 5.5, 1]
		},
		"thirdperson_lefthand": {
			"rotation": [-10, 5, 0],
			"translation": [0.25, 5.5, 1]
		},
		"firstperson_righthand": {
			"rotation": [0, -10, 0],
			"translation": [0.25, 9, 6.5]
		},
		"firstperson_lefthand": {
			"rotation": [0, -10, 0],
			"translation": [-0.1, 9, 6.5]
		},
		"ground": {
			"translation": [0, 4, 0]
		},
		"gui": {
			"rotation": [34, 147, 0],
			"translation": [2.5, 5.5, 0]
		},
		"fixed": {
			"rotation": [90, 50, -90],
			"translation": [6, 1.5, 0.5]
		}
	},
	"groups": [
		{
			"name": "the gun lmao",
			"origin": [8, 8, 8],
			"color": 0,
			"children": [0, 1, 2, 3, 4, 5, 6, 7, 8, 9, 10, 11, 12, 13, 14, 15, 16, 17]
		}
	]
}