{
	"format_version": "1.21.6",
	"credit": "Made with Blockbench",
	"texture_size": [32, 32],
	"textures": {
		"0": "item/sam_plush",
		"particle": "item/sam_plush"
	},
	"elements": [
		{
			"name": "Head",
			"from": [5, 6, 5],
			"to": [11, 12, 11],
			"rotation": {"angle": 0, "axis": "y", "origin": [0, 6, 0]},
			"faces": {
				"north": {"uv": [0, 0, 3, 3], "texture": "#0"},
				"east": {"uv": [0, 3, 3, 6], "texture": "#0"},
				"south": {"uv": [3, 0, 6, 3], "texture": "#0"},
				"west": {"uv": [3, 3, 6, 6], "texture": "#0"},
				"up": {"uv": [3, 9, 0, 6], "texture": "#0"},
				"down": {"uv": [9, 0, 6, 3], "texture": "#0"}
			}
		},
		{
			"name": "Body",
			"from": [6, 2, 7],
			"to": [10, 6, 9],
			"rotation": {"angle": 0, "axis": "y", "origin": [10, 14, 9]},
			"faces": {
				"north": {"uv": [3, 6, 5, 8], "texture": "#0"},
				"east": {"uv": [5, 6, 6, 8], "texture": "#0"},
				"south": {"uv": [6, 3, 8, 5], "texture": "#0"},
				"west": {"uv": [6, 5, 7, 7], "texture": "#0"},
				"up": {"uv": [9, 6, 7, 5], "texture": "#0"},
				"down": {"uv": [8, 7, 6, 8], "texture": "#0"}
			}
		},
		{
			"name": "LeftArm",
			"from": [5, 4, 4],
			"to": [7, 6, 8],
			"rotation": {"angle": 30, "axis": "y", "origin": [6, 5, 8]},
			"faces": {
				"north": {"uv": [11, 0, 10, 1], "rotation": 180, "texture": "#0"},
				"east": {"uv": [8, 3, 9, 5], "rotation": 270, "texture": "#0"},
				"south": {"uv": [8, 7, 7, 6], "texture": "#0"},
				"west": {"uv": [5, 8, 6, 10], "rotation": 90, "texture": "#0"},
				"up": {"uv": [3, 8, 4, 10], "rotation": 180, "texture": "#0"},
				"down": {"uv": [4, 8, 5, 10], "texture": "#0"}
			}
		},
		{
			"name": "RightArm",
			"from": [9, 4, 4],
			"to": [11, 6, 8],
			"rotation": {"angle": -30, "axis": "y", "origin": [10, 5, 8]},
			"faces": {
				"north": {"uv": [11, 2, 10, 3], "rotation": 180, "texture": "#0"},
				"east": {"uv": [8, 6, 9, 8], "rotation": 270, "texture": "#0"},
				"south": {"uv": [11, 2, 10, 1], "texture": "#0"},
				"west": {"uv": [8, 8, 9, 10], "rotation": 90, "texture": "#0"},
				"up": {"uv": [6, 8, 7, 10], "rotation": 180, "texture": "#0"},
				"down": {"uv": [7, 8, 8, 10], "texture": "#0"}
			}
		},
		{
			"name": "LeftLeg",
			"from": [6.1, 0, 4],
			"to": [8.1, 2, 8],
			"rotation": {"angle": 20, "axis": "y", "origin": [7, 1, 8]},
			"faces": {
				"north": {"uv": [11, 3, 10, 4], "rotation": 180, "texture": "#0"},
				"east": {"uv": [9, 0, 10, 2], "rotation": 270, "texture": "#0"},
				"south": {"uv": [4, 11, 3, 10], "texture": "#0"},
				"west": {"uv": [2, 9, 3, 11], "rotation": 90, "texture": "#0"},
				"up": {"uv": [0, 9, 1, 11], "rotation": 180, "texture": "#0"},
				"down": {"uv": [1, 9, 2, 11], "texture": "#0"}
			}
		},
		{
			"name": "RightLeg",
			"from": [7.9, 0, 4],
			"to": [9.9, 2, 8],
			"rotation": {"angle": -20, "axis": "y", "origin": [9, 1, 8]},
			"faces": {
				"north": {"uv": [11, 4, 10, 5], "rotation": 180, "texture": "#0"},
				"east": {"uv": [9, 4, 10, 6], "rotation": 270, "texture": "#0"},
				"south": {"uv": [5, 11, 4, 10], "texture": "#0"},
				"west": {"uv": [9, 8, 10, 10], "rotation": 90, "texture": "#0"},
				"up": {"uv": [9, 2, 10, 4], "rotation": 180, "texture": "#0"},
				"down": {"uv": [9, 6, 10, 8], "texture": "#0"}
			}
		}
	],
	"display": {
		"thirdperson_righthand": {
			"rotation": [0, 168, 0],
			"translation": [0, 2.01, 0]
		},
		"thirdperson_lefthand": {
			"rotation": [0, 168, 0],
			"translation": [0, 2.01, 0]
		},
		"firstperson_righthand": {
			"rotation": [0, 143, 0],
			"translation": [0, 6.5, 1]
		},
		"firstperson_lefthand": {
			"rotation": [0, 143, 0],
			"translation": [0, 6.5, 1]
		},
		"ground": {
			"translation": [0, 4.5, 0]
		},
		"gui": {
			"rotation": [5, -180, 0],
			"translation": [0, 1, 0]
		},
		"head": {
			"translation": [0, 16.5, 0],
			"scale": [1.25, 1.25, 1.25]
		}
	},
	"groups": [
		{
			"name": "bone",
			"origin": [0, 0, 0],
			"color": 0,
			"children": [0, 1, 2, 3, 4, 5]
		}
	]
}