{
	"format_version": "1.21.6",
	"credit": "Made with Blockbench",
	"texture_size": [16, 32],
	"textures": {
		"layer0": "item/menu"
	},
	"elements": [
		{
			"from": [-3, 0, 7.5],
			"to": [19, 25.375, 8.5],
			"rotation": {"angle": 0, "axis": "y", "origin": [-3, 0, 7]},
			"faces": {
				"north": {"uv": [0, 0, 16, 16], "texture": "#layer0"},
				"east": {"uv": [0, 0, 0, 16], "texture": "#layer0"},
				"south": {"uv": [0, 0, 16, 16], "texture": "#layer0"},
				"west": {"uv": [0, 0, 0.04545, 16], "texture": "#layer0"},
				"up": {"uv": [0, 0, 16, 0], "texture": "#layer0"},
				"down": {"uv": [0, 0, 16, 0], "texture": "#layer0"}
			}
		}
	],
	"gui_light": "front",
	"display": {
		"thirdperson_righthand": {
			"translation": [-6, 3.25, 0.75],
			"scale": [0.7, 0.7, 0.7]
		},
		"thirdperson_lefthand": {
			"translation": [-6, 3.25, 0.75],
			"scale": [0.7, 0.7, 0.7]
		},
		"firstperson_righthand": {
			"rotation": [-45, 0, 0],
			"translation": [1, -3.5, -5.25]
		},
		"firstperson_lefthand": {
			"rotation": [-45, 0, 0],
			"translation": [-1, -3.5, -5.25]
		},
		"gui": {
			"translation": [0, -2.75, 0],
			"scale": [0.6, 0.6, 0.6]
		},
		"head": {
			"translation": [0, -2.75, -6.5],
			"scale": [0.7, 0.7, 0.7]
		},
		"fixed": {
			"translation": [0, -4.75, 0]
		}
	}
}