{
	"credit": "Made with Blockbench",
	"textures": {
		"0": "item/token"
	},
	"elements": [
		{
			"from": [4, 3, 7.5],
			"to": [11, 10, 8.5],
			"rotation": {"angle": 0, "axis": "y", "origin": [7, 3, 7]},
			"faces": {
				"north": {"uv": [0, 0, 14, 14], "texture": "#0"},
				"east": {"uv": [0, 0, 1, 14], "texture": "#0"},
				"south": {"uv": [14, 0, 0, 14], "texture": "#0"},
				"west": {"uv": [13, 0, 14, 14], "texture": "#0"},
				"up": {"uv": [14, 1, 0, 0], "texture": "#0"},
				"down": {"uv": [14, 13, 0, 14], "texture": "#0"}
			}
		}
	],
	"display": {
		"thirdperson_righthand": {
			"translation": [0, 6.25, 0]
		},
		"thirdperson_lefthand": {
			"translation": [0, 6.25, 0]
		},
		"firstperson_righthand": {
			"rotation": [-45, 90, 0],
			"translation": [0, 8, 0]
		},
		"firstperson_lefthand": {
			"rotation": [-45, -90, 0],
			"translation": [0, 8, 0]
		},
		"ground": {
			"translation": [0, 5.75, 0]
		},
		"gui": {
			"rotation": [0, 180, 0],
			"translation": [-1, 9, 0],
			"scale": [2, 2, 2]
		},
		"fixed": {
			"translation": [1, 9, 0],
			"scale": [2, 2, 0.99]
		}
	},
	"groups": [
		{
			"name": "coin",
			"origin": [8, 8, 8],
			"color": 0,
			"children": [0]
		}
	]
}