{
	"credit": "Made with Blockbench",
	"texture_size": [32, 32],
	"textures": {
		"0": "block/iron_block",
		"1": "block/coal_block",
		"2": "item/red_wrench",
		"particle": "item/red_wrench"
	},
	"elements": [
		{
			"from": [7, 3.25, 7],
			"to": [9, 14.5, 9],
			"rotation": {"angle": 0, "axis": "y", "origin": [8, 1.75, 8]},
			"faces": {
				"north": {"uv": [0, 0, 1, 5.5], "texture": "#2"},
				"east": {"uv": [1, 0, 2, 5.5], "texture": "#2"},
				"south": {"uv": [2, 0, 3, 5.5], "texture": "#2"},
				"west": {"uv": [3, 0, 4, 5.5], "texture": "#2"},
				"up": {"uv": [7, 6, 6, 5], "texture": "#2"},
				"down": {"uv": [7, 6, 6, 7], "texture": "#2"}
			}
		},
		{
			"from": [7, 13.5, 9],
			"to": [9, 14.5, 11],
			"rotation": {"angle": 0, "axis": "y", "origin": [8, 6.75, 8]},
			"faces": {
				"north": {"uv": [8, 4, 9, 4.5], "texture": "#2"},
				"east": {"uv": [4.5, 8, 5.5, 8.5], "texture": "#2"},
				"south": {"uv": [8, 4.5, 9, 5], "texture": "#2"},
				"west": {"uv": [8, 5, 9, 5.5], "texture": "#2"},
				"up": {"uv": [2, 8, 1, 7], "texture": "#2"},
				"down": {"uv": [8, 3, 7, 4], "texture": "#2"}
			}
		},
		{
			"from": [7.05, 14.5, 7],
			"to": [8.95, 17.225, 11.5],
			"rotation": {"angle": 0, "axis": "y", "origin": [8, 7.75, 8]},
			"faces": {
				"north": {"uv": [0, 5.5, 1, 7], "texture": "#2"},
				"east": {"uv": [4, 0, 6.5, 1.5], "texture": "#2"},
				"south": {"uv": [1, 5.5, 2, 7], "texture": "#2"},
				"west": {"uv": [4, 1.5, 6.5, 3], "texture": "#2"},
				"up": {"uv": [5, 5.5, 4, 3], "texture": "#2"},
				"down": {"uv": [6, 3, 5, 5.5], "texture": "#2"}
			}
		},
		{
			"from": [7.025, 14.06066, 10.35355],
			"to": [8.975, 15.06066, 12.35355],
			"rotation": {"angle": -45, "axis": "x", "origin": [8, 14.56066, 11.35355]},
			"faces": {
				"north": {"uv": [8, 5.5, 9, 6], "texture": "#2"},
				"east": {"uv": [6, 8, 7, 8.5], "texture": "#2"},
				"south": {"uv": [8, 6, 9, 6.5], "texture": "#2"},
				"west": {"uv": [8, 6.5, 9, 7], "texture": "#2"},
				"up": {"uv": [8, 5, 7, 4], "texture": "#2"},
				"down": {"uv": [8, 5, 7, 6], "texture": "#2"}
			}
		},
		{
			"from": [7, 14.91421, 11.41421],
			"to": [9, 16.91421, 12.41421],
			"rotation": {"angle": 0, "axis": "x", "origin": [8, 15.91421, 11.91421]},
			"faces": {
				"north": {"uv": [6, 7, 7, 8], "texture": "#2"},
				"east": {"uv": [1.5, 8, 2, 9], "texture": "#2"},
				"south": {"uv": [7, 6, 8, 7], "texture": "#2"},
				"west": {"uv": [7, 8, 7.5, 9], "texture": "#2"},
				"up": {"uv": [9, 7.5, 8, 7], "texture": "#2"},
				"down": {"uv": [8.5, 8, 7.5, 8.5], "texture": "#2"}
			}
		},
		{
			"from": [7.025, 16.33496, 10.29899],
			"to": [8.975, 17.33496, 12.29899],
			"rotation": {"angle": 22.5, "axis": "x", "origin": [8, 16.83496, 11.29899]},
			"faces": {
				"north": {"uv": [8, 7.5, 9, 8], "texture": "#2"},
				"east": {"uv": [0, 8.5, 1, 9], "texture": "#2"},
				"south": {"uv": [8.5, 0, 9.5, 0.5], "texture": "#2"},
				"west": {"uv": [8.5, 0.5, 9.5, 1], "texture": "#2"},
				"up": {"uv": [8, 8, 7, 7], "texture": "#2"},
				"down": {"uv": [8.5, 0, 7.5, 1], "texture": "#2"}
			}
		},
		{
			"from": [6.975, 16.33496, 10.29899],
			"to": [9.025, 18.33496, 12.29899],
			"rotation": {"angle": 0, "axis": "x", "origin": [8, 16.83496, 11.29899]},
			"faces": {
				"north": {"uv": [0, 0, 2.05, 2], "rotation": 180, "texture": "#1"},
				"east": {"uv": [0, 0, 2, 2], "rotation": 180, "texture": "#1"},
				"south": {"uv": [0, 0, 2.05, 2], "rotation": 180, "texture": "#1"},
				"west": {"uv": [0, 0, 2, 2], "rotation": 180, "texture": "#1"},
				"up": {"uv": [0, 0, 2, 2.05], "rotation": 270, "texture": "#1"},
				"down": {"uv": [0, 0, 2, 2.05], "rotation": 90, "texture": "#1"}
			}
		},
		{
			"from": [6.95, 17.91421, 10.18377],
			"to": [9.05, 20.41421, 12.18377],
			"rotation": {"angle": -22.5, "axis": "x", "origin": [8, 18.41421, 11.18377]},
			"faces": {
				"north": {"uv": [0, 0, 2.1, 2.5], "rotation": 180, "texture": "#1"},
				"east": {"uv": [0, 0, 2, 2.5], "rotation": 180, "texture": "#1"},
				"south": {"uv": [0, 0, 2.1, 2.5], "rotation": 180, "texture": "#1"},
				"west": {"uv": [0, 0, 2, 2.5], "rotation": 180, "texture": "#1"},
				"up": {"uv": [0, 0, 2, 2.1], "rotation": 270, "texture": "#1"},
				"down": {"uv": [0, 0, 2, 2.1], "rotation": 90, "texture": "#1"}
			}
		},
		{
			"from": [6.975, 19.2911, 9.28162],
			"to": [9.025, 21.2911, 10.78162],
			"rotation": {"angle": 45, "axis": "x", "origin": [8, 20.2911, 10.28162]},
			"faces": {
				"north": {"uv": [14, 7, 16, 9.05], "rotation": 90, "texture": "#1"},
				"east": {"uv": [0, 0, 2, 1.5], "rotation": 270, "texture": "#1"},
				"south": {"uv": [4, 3, 6, 5.05], "rotation": 90, "texture": "#1"},
				"west": {"uv": [7, 8, 9, 9.5], "rotation": 90, "texture": "#1"},
				"up": {"uv": [0, 0, 2.05, 1.5], "rotation": 180, "texture": "#1"},
				"down": {"uv": [12, 13, 14.05, 14.5], "texture": "#1"}
			}
		},
		{
			"from": [7, 19.70532, 6.70662],
			"to": [9, 21.70532, 10.28162],
			"rotation": {"angle": 0, "axis": "x", "origin": [8, 20.70532, 9.78162]},
			"faces": {
				"north": {"uv": [6, 10, 8, 12], "rotation": 90, "texture": "#1"},
				"east": {"uv": [11, 8, 13, 11.575], "rotation": 270, "texture": "#1"},
				"south": {"uv": [6, 4, 8, 6], "rotation": 90, "texture": "#1"},
				"west": {"uv": [2, 6, 4, 9.575], "rotation": 90, "texture": "#1"},
				"up": {"uv": [9, 8, 11, 11.575], "rotation": 180, "texture": "#1"},
				"down": {"uv": [12, 3, 14, 6.575], "texture": "#1"}
			}
		},
		{
			"from": [7.1, 11.39116, 7.57702],
			"to": [8.9, 13.29116, 9.57702],
			"rotation": {"angle": 45, "axis": "x", "origin": [8, 11.75, 8.23918]},
			"faces": {
				"north": {"uv": [6.5, 0, 7.5, 1], "texture": "#2"},
				"east": {"uv": [6.5, 1, 7.5, 2], "texture": "#2"},
				"south": {"uv": [2, 6.5, 3, 7.5], "texture": "#2"},
				"west": {"uv": [6.5, 2, 7.5, 3], "texture": "#2"},
				"up": {"uv": [4, 7.5, 3, 6.5], "texture": "#2"},
				"down": {"uv": [5, 6.5, 4, 7.5], "texture": "#2"}
			}
		},
		{
			"from": [7.125, 11.89377, 8.27494],
			"to": [8.875, 12.79377, 10.27494],
			"rotation": {"angle": 0, "axis": "x", "origin": [8, 12.84377, 9.27494]},
			"faces": {
				"north": {"uv": [2.5, 8, 3.5, 8.5], "texture": "#2"},
				"east": {"uv": [8, 3, 9, 3.5], "texture": "#2"},
				"south": {"uv": [3.5, 8, 4.5, 8.5], "texture": "#2"},
				"west": {"uv": [8, 3.5, 9, 4], "texture": "#2"},
				"up": {"uv": [6, 7.5, 5, 6.5], "texture": "#2"},
				"down": {"uv": [1, 7, 0, 8], "texture": "#2"}
			}
		},
		{
			"from": [7, 1, 7],
			"to": [9, 3.25, 7.5],
			"rotation": {"angle": 0, "axis": "y", "origin": [8, 1.75, 8]},
			"faces": {
				"north": {"uv": [2, 5.5, 3, 6.5], "texture": "#2"},
				"east": {"uv": [7.5, 1, 8, 2], "texture": "#2"},
				"south": {"uv": [3, 5.5, 4, 6.5], "texture": "#2"},
				"west": {"uv": [2, 7.5, 2.5, 8.5], "texture": "#2"},
				"up": {"uv": [8.5, 2.5, 7.5, 2], "texture": "#2"},
				"down": {"uv": [3.5, 7.5, 2.5, 8], "texture": "#2"}
			}
		},
		{
			"from": [7, 1, 8.5],
			"to": [9, 3.25, 9],
			"rotation": {"angle": 0, "axis": "y", "origin": [8, 1.75, 8]},
			"faces": {
				"north": {"uv": [6, 3, 7, 4], "texture": "#2"},
				"east": {"uv": [5.5, 7.5, 6, 8.5], "texture": "#2"},
				"south": {"uv": [6, 4, 7, 5], "texture": "#2"},
				"west": {"uv": [1, 8, 1.5, 9], "texture": "#2"},
				"up": {"uv": [9, 1.5, 8, 1], "texture": "#2"},
				"down": {"uv": [9, 1.5, 8, 2], "texture": "#2"}
			}
		},
		{
			"from": [7, 0, 7],
			"to": [9, 1, 9],
			"rotation": {"angle": 0, "axis": "y", "origin": [8, 1.75, 8]},
			"faces": {
				"north": {"uv": [7.5, 2.5, 8.5, 3], "texture": "#2"},
				"east": {"uv": [3.5, 7.5, 4.5, 8], "texture": "#2"},
				"south": {"uv": [4.5, 7.5, 5.5, 8], "texture": "#2"},
				"west": {"uv": [0, 8, 1, 8.5], "texture": "#2"},
				"up": {"uv": [5, 6.5, 4, 5.5], "texture": "#2"},
				"down": {"uv": [6, 5.5, 5, 6.5], "texture": "#2"}
			}
		},
		{
			"from": [7, 12.25, 9],
			"to": [9, 13.25, 11],
			"rotation": {"angle": 0, "axis": "x", "origin": [8, 11.5, 10.73918]},
			"faces": {
				"north": {"uv": [5, 3, 7, 4], "texture": "#1"},
				"east": {"uv": [13, 14, 15, 15], "texture": "#1"},
				"south": {"uv": [6, 13, 8, 14], "texture": "#1"},
				"west": {"uv": [6, 12, 8, 13], "texture": "#1"},
				"up": {"uv": [14, 0, 16, 2], "texture": "#1"},
				"down": {"uv": [8, 2, 10, 4], "texture": "#1"}
			}
		},
		{
			"from": [7.475, 6.60308, 9.36498],
			"to": [8.525, 7.72808, 10.48998],
			"rotation": {"angle": 45, "axis": "x", "origin": [7.975, 7.56533, 11.2955]},
			"faces": {
				"north": {"uv": [13, 13, 14.05, 14.125], "texture": "#0"},
				"east": {"uv": [0, 0, 1, 1], "texture": "#0"},
				"south": {"uv": [12, 12, 13, 13], "texture": "#0"},
				"west": {"uv": [13, 12, 14, 13], "texture": "#0"},
				"up": {"uv": [14, 13, 15, 14], "texture": "#0"},
				"down": {"uv": [14, 12, 15, 13], "texture": "#0"}
			}
		},
		{
			"from": [7.45, 8.25, 9.25],
			"to": [8.55, 12.25, 10.85],
			"rotation": {"angle": 0, "axis": "x", "origin": [8, 11.5, 10.73918]},
			"faces": {
				"north": {"uv": [0, 3, 1, 5], "texture": "#0"},
				"east": {"uv": [15, 13, 16, 15], "texture": "#0"},
				"south": {"uv": [15, 14, 16, 16], "texture": "#0"},
				"west": {"uv": [15, 9, 16, 11], "texture": "#0"},
				"up": {"uv": [0, 11, 1, 12], "texture": "#0"},
				"down": {"uv": [15, 0, 16, 1], "texture": "#0"}
			}
		},
		{
			"from": [7.5, 13.25, 9.5],
			"to": [8.5, 13.5, 10.5],
			"rotation": {"angle": 0, "axis": "y", "origin": [8, 6.75, 8]},
			"faces": {
				"north": {"uv": [0, 3, 1, 3.25], "texture": "#0"},
				"east": {"uv": [0, 3, 1, 3.25], "texture": "#0"},
				"south": {"uv": [0, 3, 1, 3.25], "texture": "#0"},
				"west": {"uv": [0, 3, 1, 3.25], "texture": "#0"},
				"up": {"uv": [0, 3, 1, 4], "rotation": 90, "texture": "#0"},
				"down": {"uv": [0, 3, 1, 4], "rotation": 270, "texture": "#0"}
			}
		},
		{
			"from": [6.775, 16.67958, 6.64145],
			"to": [9.275, 17.67958, 10.56645],
			"rotation": {"angle": 0, "axis": "x", "origin": [7.025, 16.67958, 9.56645]},
			"faces": {
				"north": {"uv": [7, 3, 8.25, 3.5], "texture": "#0"},
				"east": {"uv": [0, 3, 1.9625, 3.5], "texture": "#0"},
				"south": {"uv": [2, 2, 3.25, 2.5], "texture": "#0"},
				"west": {"uv": [5, 4, 6.9625, 4.5], "texture": "#0"},
				"up": {"uv": [14.75, 6, 16, 7.9625], "texture": "#0"},
				"down": {"uv": [6, 8, 8.25, 11.9625], "texture": "#0"}
			}
		},
		{
			"from": [6.775, 19.17958, 6.39145],
			"to": [9.275, 20.17958, 10.56645],
			"rotation": {"angle": 0, "axis": "x", "origin": [7.025, 19.17958, 9.56645]},
			"faces": {
				"north": {"uv": [1, 1, 2.25, 1.5], "texture": "#0"},
				"east": {"uv": [9, 9, 11.0875, 9.5], "texture": "#0"},
				"south": {"uv": [5, 3, 6.25, 3.5], "texture": "#0"},
				"west": {"uv": [2, 5, 4.0875, 5.5], "texture": "#0"},
				"up": {"uv": [13, 10, 14.25, 12.0875], "texture": "#0"},
				"down": {"uv": [9, 13, 10, 15], "texture": "#0"}
			}
		},
		{
			"from": [6.8, 19.67373, 9.90809],
			"to": [9.25, 20.37373, 10.63309],
			"rotation": {"angle": 45, "axis": "x", "origin": [7.025, 19.47373, 10.00809]},
			"faces": {
				"north": {"uv": [0, 0, 1.225, 0.35], "texture": "#0"},
				"east": {"uv": [0, 0, 0.3625, 0.35], "texture": "#0"},
				"south": {"uv": [0, 0, 1.225, 0.35], "texture": "#0"},
				"west": {"uv": [0, 0, 0.3625, 0.35], "texture": "#0"},
				"up": {"uv": [0, 0, 1.225, 0.3625], "texture": "#0"},
				"down": {"uv": [0, 0, 1.225, 0.3625], "texture": "#0"}
			}
		},
		{
			"from": [6.8, 19.67373, 5.73309],
			"to": [9.25, 20.37373, 6.45809],
			"rotation": {"angle": 45, "axis": "x", "origin": [7.025, 19.47373, 5.83309]},
			"faces": {
				"north": {"uv": [1, 1.7, 2.225, 1.35], "texture": "#0"},
				"east": {"uv": [0, 0, 0.3625, 0.35], "texture": "#0"},
				"south": {"uv": [5, 1, 6.225, 1.35], "texture": "#0"},
				"west": {"uv": [5, 1, 5.3625, 1.35], "texture": "#0"},
				"up": {"uv": [3, 1, 4.225, 1.3625], "texture": "#0"},
				"down": {"uv": [2, 1, 3.225, 1.3625], "texture": "#0"}
			}
		}
	],
	"display": {
		"thirdperson_righthand": {
			"translation": [0, 1, 1.25],
			"scale": [0.7, 0.7, 0.7]
		},
		"thirdperson_lefthand": {
			"translation": [0, 1, 1.25],
			"scale": [0.7, 0.7, 0.7]
		},
		"firstperson_righthand": {
			"translation": [0, 1.25, -1.5]
		},
		"firstperson_lefthand": {
			"translation": [0, 1.25, -1.5]
		},
		"ground": {
			"translation": [0, 2.5, 0],
			"scale": [0.74, 0.74, 0.74]
		},
		"gui": {
			"rotation": [0, -90, 0],
			"translation": [0, -2, 0],
			"scale": [0.7, 0.7, 0.7]
		},
		"head": {
			"translation": [0, 9.5, 0]
		},
		"fixed": {
			"rotation": [-90, 90, 90],
			"translation": [0, -1.75, 0],
			"scale": [0.79492, 0.79492, 0.79492]
		}
	},
	"groups": [
		{
			"name": "handle",
			"origin": [8, 1.75, 8],
			"color": 0,
			"children": [0, 1, 2, 3, 4, 5, 6, 7, 8, 9, 10, 11, 12, 13, 14]
		},
		{
			"name": "metalchainsawthing",
			"origin": [7, 6.5, 5],
			"color": 0,
			"children": [15, 16, 17, 18]
		},
		{
			"name": "other metal stuff",
			"origin": [8, 8, 8],
			"color": 0,
			"children": [19, 20, 21, 22]
		}
	]
}