{
    "providers": [
        {
            "type": "bitmap",
            "file": "sttf:font/icons.png",
			"ascent": 8,
			"height": 9,
			"chars": [
				"🧪⚗"
			]
        },
		{
            "type": "bitmap",
            "file": "sttf:font/white.png",
			"ascent": 256,
			"height": 1024,
			"chars": [
				"#"
			]
        },
		{
            "type": "bitmap",
            "file": "sttf:font/warhead.png",
			"ascent": 9,
			"height": 10,
			"chars": [
				"w"
			]
        },
		{
            "type": "bitmap",
            "file": "sttf:font/sttf.png",
			"ascent": 223,
			"height": 224,
			"chars": [
				"ab"
			]
        },
		{
            "type": "bitmap",
            "file": "sttf:font/sttfsmall.png",
			"ascent": 111,
			"height": 112,
			"chars": [
				"c"
			]
        }
    ]
}
