{
  "parent": "minecraft:item/generated",
  "textures": {
    "layer0": "minecraft:item/blue_candle"
  },
  "overrides": [
    {
      "predicate": {
        "custom_model_data": 1
      },
      "model": "minecraft:item/b1"
    },
	{
      "predicate": {
        "custom_model_data": 2
      },
      "model": "minecraft:item/b2"
    },
	{
      "predicate": {
        "custom_model_data": 3
      },
      "model": "minecraft:item/b3"
    },
	{
      "predicate": {
        "custom_model_data": 4
      },
      "model": "minecraft:item/b4"
    },
	{
      "predicate": {
        "custom_model_data": 5
      },
      "model": "minecraft:item/b5"
    },
	{
      "predicate": {
        "custom_model_data": 6
      },
      "model": "minecraft:item/b6"
    },
	{
      "predicate": {
        "custom_model_data": 7
      },
      "model": "minecraft:item/b7"
    },
	{
      "predicate": {
        "custom_model_data": 8
      },
      "model": "minecraft:item/b8"
    },
	{
      "predicate": {
        "custom_model_data": 9
      },
      "model": "minecraft:item/b9"
    },
	{
      "predicate": {
        "custom_model_data": 10
      },
      "model": "minecraft:item/b0"
    },
	{
      "predicate": {
        "custom_model_data": 11
      },
      "model": "minecraft:item/breverse"
    },
	{
      "predicate": {
        "custom_model_data": 12
      },
      "model": "minecraft:item/bskip"
    },
	{
      "predicate": {
        "custom_model_data": 13
      },
      "model": "minecraft:item/bplus2"
    }
  ]
}
