{
  "parent": "minecraft:item/generated",
  "textures": {
    "layer0": "minecraft:item/green_candle"
  },
  "overrides": [
    {
      "predicate": {
        "custom_model_data": 1
      },
      "model": "minecraft:item/g1"
    },
	{
      "predicate": {
        "custom_model_data": 2
      },
      "model": "minecraft:item/g2"
    },
	{
      "predicate": {
        "custom_model_data": 3
      },
      "model": "minecraft:item/g3"
    },
	{
      "predicate": {
        "custom_model_data": 4
      },
      "model": "minecraft:item/g4"
    },
	{
      "predicate": {
        "custom_model_data": 5
      },
      "model": "minecraft:item/g5"
    },
	{
      "predicate": {
        "custom_model_data": 6
      },
      "model": "minecraft:item/g6"
    },
	{
      "predicate": {
        "custom_model_data": 7
      },
      "model": "minecraft:item/g7"
    },
	{
      "predicate": {
        "custom_model_data": 8
      },
      "model": "minecraft:item/g8"
    },
	{
      "predicate": {
        "custom_model_data": 9
      },
      "model": "minecraft:item/g9"
    },
	{
      "predicate": {
        "custom_model_data": 10
      },
      "model": "minecraft:item/g0"
    },
	{
      "predicate": {
        "custom_model_data": 11
      },
      "model": "minecraft:item/greverse"
    },
	{
      "predicate": {
        "custom_model_data": 12
      },
      "model": "minecraft:item/gskip"
    },
	{
      "predicate": {
        "custom_model_data": 13
      },
      "model": "minecraft:item/gplus2"
    }
  ]
}
