{
  "parent": "minecraft:item/generated",
  "textures": {
    "layer0": "minecraft:item/red_candle"
  },
  "overrides": [
    {
      "predicate": {
        "custom_model_data": 1
      },
      "model": "minecraft:item/r1"
    },
	{
      "predicate": {
        "custom_model_data": 2
      },
      "model": "minecraft:item/r2"
    },
	{
      "predicate": {
        "custom_model_data": 3
      },
      "model": "minecraft:item/r3"
    },
	{
      "predicate": {
        "custom_model_data": 4
      },
      "model": "minecraft:item/r4"
    },
	{
      "predicate": {
        "custom_model_data": 5
      },
      "model": "minecraft:item/r5"
    },
	{
      "predicate": {
        "custom_model_data": 6
      },
      "model": "minecraft:item/r6"
    },
	{
      "predicate": {
        "custom_model_data": 7
      },
      "model": "minecraft:item/r7"
    },
	{
      "predicate": {
        "custom_model_data": 8
      },
      "model": "minecraft:item/r8"
    },
	{
      "predicate": {
        "custom_model_data": 9
      },
      "model": "minecraft:item/r9"
    },
	{
      "predicate": {
        "custom_model_data": 10
      },
      "model": "minecraft:item/r0"
    },
	{
      "predicate": {
        "custom_model_data": 11
      },
      "model": "minecraft:item/rreverse"
    },
	{
      "predicate": {
        "custom_model_data": 12
      },
      "model": "minecraft:item/rskip"
    },
	{
      "predicate": {
        "custom_model_data": 13
      },
      "model": "minecraft:item/rplus2"
    }
  ]
}
