{
  "parent": "minecraft:item/generated",
  "textures": {
    "layer0": "minecraft:item/yellow_candle"
  },
  "overrides": [
    {
      "predicate": {
        "custom_model_data": 1
      },
      "model": "minecraft:item/y1"
    },
	{
      "predicate": {
        "custom_model_data": 2
      },
      "model": "minecraft:item/y2"
    },
	{
      "predicate": {
        "custom_model_data": 3
      },
      "model": "minecraft:item/y3"
    },
	{
      "predicate": {
        "custom_model_data": 4
      },
      "model": "minecraft:item/y4"
    },
	{
      "predicate": {
        "custom_model_data": 5
      },
      "model": "minecraft:item/y5"
    },
	{
      "predicate": {
        "custom_model_data": 6
      },
      "model": "minecraft:item/y6"
    },
	{
      "predicate": {
        "custom_model_data": 7
      },
      "model": "minecraft:item/y7"
    },
	{
      "predicate": {
        "custom_model_data": 8
      },
      "model": "minecraft:item/y8"
    },
	{
      "predicate": {
        "custom_model_data": 9
      },
      "model": "minecraft:item/y9"
    },
	{
      "predicate": {
        "custom_model_data": 10
      },
      "model": "minecraft:item/y0"
    },
	{
      "predicate": {
        "custom_model_data": 11
      },
      "model": "minecraft:item/yreverse"
    },
	{
      "predicate": {
        "custom_model_data": 12
      },
      "model": "minecraft:item/yskip"
    },
	{
      "predicate": {
        "custom_model_data": 13
      },
      "model": "minecraft:item/yplus2"
    }
  ]
}
