{
	"credit": "Made with Blockbench",
	"texture_size": [64, 64],
	"textures": {
		"0": "item/chefs_hat",
		"particle": "item/chefs_hat"
	},
	"elements": [
		{
			"from": [4, 0, 4],
			"to": [12, 4, 12],
			"rotation": {"angle": 0, "axis": "y", "origin": [4, 0, 4]},
			"faces": {
				"north": {"uv": [3, 4.5, 5, 5.5], "texture": "#0"},
				"east": {"uv": [5, 0, 7, 1], "texture": "#0"},
				"south": {"uv": [5, 1, 7, 2], "texture": "#0"},
				"west": {"uv": [5, 2, 7, 3], "texture": "#0"},
				"up": {"uv": [2, 2, 0, 0], "texture": "#0"},
				"down": {"uv": [2, 2, 0, 4], "texture": "#0"}
			}
		},
		{
			"from": [2, 3, 2],
			"to": [8, 7, 8],
			"rotation": {"angle": 0, "axis": "y", "origin": [2, 4, 2]},
			"faces": {
				"north": {"uv": [3, 6.75, 4.5, 7.5], "texture": "#0"},
				"east": {"uv": [7, 0, 8.5, 0.75], "texture": "#0"},
				"south": {"uv": [7, 0.75, 8.5, 1.5], "texture": "#0"},
				"west": {"uv": [1.5, 7, 3, 7.75], "texture": "#0"},
				"up": {"uv": [3.5, 1.5, 2, 0], "texture": "#0"},
				"down": {"uv": [3.5, 1.5, 2, 3], "texture": "#0"}
			}
		},
		{
			"from": [8, 4, 8],
			"to": [14, 9, 14],
			"rotation": {"angle": 0, "axis": "y", "origin": [8, 4, 8]},
			"faces": {
				"north": {"uv": [5, 3, 6.5, 4.25], "texture": "#0"},
				"east": {"uv": [5, 4.25, 6.5, 5.5], "texture": "#0"},
				"south": {"uv": [0, 5.5, 1.5, 6.75], "texture": "#0"},
				"west": {"uv": [3, 5.5, 4.5, 6.75], "texture": "#0"},
				"up": {"uv": [3.5, 4.5, 2, 3], "texture": "#0"},
				"down": {"uv": [5, 0, 3.5, 1.5], "texture": "#0"}
			}
		},
		{
			"from": [2, 4, 8],
			"to": [8, 8, 14],
			"rotation": {"angle": 0, "axis": "y", "origin": [2, 4, 8]},
			"faces": {
				"north": {"uv": [4.5, 5.5, 6, 6.5], "texture": "#0"},
				"east": {"uv": [1.5, 6, 3, 7], "texture": "#0"},
				"south": {"uv": [6, 5.5, 7.5, 6.5], "texture": "#0"},
				"west": {"uv": [6.5, 3, 8, 4], "texture": "#0"},
				"up": {"uv": [5, 3, 3.5, 1.5], "texture": "#0"},
				"down": {"uv": [5, 3, 3.5, 4.5], "texture": "#0"}
			}
		},
		{
			"from": [8, 4, 2],
			"to": [14, 8, 8],
			"rotation": {"angle": 0, "axis": "y", "origin": [8, 4, 2]},
			"faces": {
				"north": {"uv": [6.5, 4, 8, 5], "texture": "#0"},
				"east": {"uv": [4.5, 6.5, 6, 7.5], "texture": "#0"},
				"south": {"uv": [6, 6.5, 7.5, 7.5], "texture": "#0"},
				"west": {"uv": [0, 6.75, 1.5, 7.75], "texture": "#0"},
				"up": {"uv": [1.5, 5.5, 0, 4], "texture": "#0"},
				"down": {"uv": [3, 4.5, 1.5, 6], "texture": "#0"}
			}
		}
	],
	"display": {
		"thirdperson_righthand": {
			"rotation": [0, 168, 0],
			"translation": [0, 2.01, 0]
		},
		"thirdperson_lefthand": {
			"rotation": [0, 168, 0],
			"translation": [0, 2.01, 0]
		},
		"firstperson_righthand": {
			"rotation": [0, 143, 0],
			"translation": [0, 6.5, 1]
		},
		"firstperson_lefthand": {
			"rotation": [0, 143, 0],
			"translation": [0, 6.5, 1]
		},
		"ground": {
			"translation": [0, 4.5, 0]
		},
		"gui": {
			"rotation": [7, 171, 0],
			"translation": [0, 2, 0]
		},
		"head": {
			"translation": [0, 17.75, 0],
			"scale": [1.9, 1.9, 1.9]
		}
	}
}