{
  "parent": "minecraft:item/generated",
  "textures": {
    "layer0": "minecraft:item/heart_of_the_sea"
  },
  "overrides": [
    {
      "predicate": {
        "custom_model_data": 1
      },
      "model": "minecraft:item/plush"
    },
	{
      "predicate": {
        "custom_model_data": 2
      },
      "model": "minecraft:item/chefs_hat"
    },
	{
      "predicate": {
        "custom_model_data": 3
      },
      "model": "minecraft:item/sue_chefs_hat"
    },
	{
      "predicate": {
        "custom_model_data": 4
      },
      "model": "minecraft:item/plate"
    }
  ]
}
