{
	"credit": "Made with Blockbench",
	"texture_size": [64, 64],
	"textures": {
		"0": "item/chefs_hat",
		"particle": "item/chefs_hat"
	},
	"elements": [
		{
			"from": [4, 0, 4],
			"to": [12, 4, 12],
			"rotation": {"angle": 0, "axis": "y", "origin": [4, 0, 4]},
			"faces": {
				"north": {"uv": [3, 4.5, 5, 5.5], "texture": "#0"},
				"east": {"uv": [5, 0, 7, 1], "texture": "#0"},
				"south": {"uv": [5, 1, 7, 2], "texture": "#0"},
				"west": {"uv": [5, 2, 7, 3], "texture": "#0"},
				"up": {"uv": [2, 2, 0, 0], "texture": "#0"},
				"down": {"uv": [2, 2, 0, 4], "texture": "#0"}
			}
		},
		{
			"from": [4, 4, 4],
			"to": [12, 20, 12],
			"rotation": {"angle": 0, "axis": "y", "origin": [4, 4, 4]},
			"faces": {
				"north": {"uv": [0, 7.75, 2, 11.75], "texture": "#0"},
				"east": {"uv": [0, 7.75, 2, 11.75], "texture": "#0"},
				"south": {"uv": [0, 7.75, 2, 11.75], "texture": "#0"},
				"west": {"uv": [0, 7.75, 2, 11.75], "texture": "#0"},
				"up": {"uv": [0, 0, 2, 2], "texture": "#0"},
				"down": {"uv": [0, 0, 2, 2], "texture": "#0"}
			}
		}
	],
	"display": {
		"thirdperson_righthand": {
			"rotation": [0, 168, 0],
			"translation": [0, 2.01, 0]
		},
		"thirdperson_lefthand": {
			"rotation": [0, 168, 0],
			"translation": [0, 2.01, 0]
		},
		"firstperson_righthand": {
			"rotation": [0, 143, 0],
			"translation": [0, 6.5, 1]
		},
		"firstperson_lefthand": {
			"rotation": [0, 143, 0],
			"translation": [0, 6.5, 1]
		},
		"ground": {
			"translation": [0, 4.5, 0]
		},
		"gui": {
			"rotation": [7, 171, 0],
			"translation": [0, 2, 0]
		},
		"head": {
			"translation": [0, 17.75, 0],
			"scale": [1.9, 1.9, 1.9]
		}
	}
}