{
	"credit": "Made with Blockbench",
	"texture_size": [32, 32],
	"textures": {
		"0": "item/lightbringer",
		"particle": "item/lightbringer"
	},
	"elements": [
		{
			"from": [5, 0, 5],
			"to": [11, 3, 11],
			"rotation": {"angle": 0, "axis": "y", "origin": [10, 1, 5]},
			"faces": {
				"north": {"uv": [10, 9.5, 13, 11], "texture": "#0"},
				"east": {"uv": [3.5, 11, 6.5, 12.5], "texture": "#0"},
				"south": {"uv": [11, 3.5, 14, 5], "texture": "#0"},
				"west": {"uv": [11, 5, 14, 6.5], "texture": "#0"},
				"up": {"uv": [6.5, 11, 3.5, 8], "texture": "#0"},
				"down": {"uv": [11, 3.5, 8, 6.5], "texture": "#0"}
			}
		},
		{
			"from": [4, 6, 4],
			"to": [12, 8, 12],
			"rotation": {"angle": 0, "axis": "y", "origin": [4, 7, 4]},
			"faces": {
				"north": {"uv": [6.5, 11, 10.5, 12], "texture": "#0"},
				"east": {"uv": [10.5, 11, 14.5, 12], "texture": "#0"},
				"south": {"uv": [11.5, 0, 15.5, 1], "texture": "#0"},
				"west": {"uv": [11.5, 1, 15.5, 2], "texture": "#0"},
				"up": {"uv": [4, 4, 0, 0], "texture": "#0"},
				"down": {"uv": [4, 4, 0, 8], "texture": "#0"}
			}
		},
		{
			"from": [4.5, 3, 4.5],
			"to": [11.5, 6, 11.5],
			"rotation": {"angle": 0, "axis": "y", "origin": [11, 4, 4]},
			"faces": {
				"north": {"uv": [6.5, 8, 10, 9.5], "texture": "#0"},
				"east": {"uv": [8, 6.5, 11.5, 8], "texture": "#0"},
				"south": {"uv": [6.5, 9.5, 10, 11], "texture": "#0"},
				"west": {"uv": [10, 8, 13.5, 9.5], "texture": "#0"},
				"up": {"uv": [3.5, 11.5, 0, 8], "texture": "#0"},
				"down": {"uv": [11.5, 0, 8, 3.5], "texture": "#0"}
			}
		},
		{
			"from": [4, 7.001, 4],
			"to": [12, 8.001, 12],
			"rotation": {"angle": 45, "axis": "y", "origin": [8, 7.5, 8]},
			"faces": {
				"north": {"uv": [11.5, 2, 15.5, 2.5], "texture": "#0"},
				"east": {"uv": [11.5, 2.5, 15.5, 3], "texture": "#0"},
				"south": {"uv": [11.5, 3, 15.5, 3.5], "texture": "#0"},
				"west": {"uv": [11.5, 6.5, 15.5, 7], "texture": "#0"},
				"up": {"uv": [8, 4, 4, 0], "texture": "#0"},
				"down": {"uv": [8, 4, 4, 8], "texture": "#0"}
			}
		},
		{
			"from": [10, 8, 7.5],
			"to": [11, 10, 8.5],
			"rotation": {"angle": 0, "axis": "y", "origin": [5, 8, 8]},
			"faces": {
				"north": {"uv": [3, 11.5, 3.5, 12.5], "texture": "#0"},
				"east": {"uv": [6.5, 12, 7, 13], "texture": "#0"},
				"south": {"uv": [7, 12, 7.5, 13], "texture": "#0"},
				"west": {"uv": [7.5, 12, 8, 13], "texture": "#0"},
				"up": {"uv": [10.5, 12.5, 10, 12], "texture": "#0"},
				"down": {"uv": [11, 12, 10.5, 12.5], "texture": "#0"}
			}
		},
		{
			"from": [5, 10, 7.5],
			"to": [11, 11, 8.5],
			"rotation": {"angle": 0, "axis": "y", "origin": [5, 8, 8]},
			"faces": {
				"north": {"uv": [0, 11.5, 3, 12], "texture": "#0"},
				"east": {"uv": [11, 12, 11.5, 12.5], "texture": "#0"},
				"south": {"uv": [11.5, 7, 14.5, 7.5], "texture": "#0"},
				"west": {"uv": [11.5, 12, 12, 12.5], "texture": "#0"},
				"up": {"uv": [14.5, 8, 11.5, 7.5], "texture": "#0"},
				"down": {"uv": [3, 12, 0, 12.5], "texture": "#0"}
			}
		},
		{
			"from": [5, 8, 7.5],
			"to": [6, 10, 8.5],
			"rotation": {"angle": 0, "axis": "y", "origin": [5, 8, 8]},
			"faces": {
				"north": {"uv": [8, 12, 8.5, 13], "texture": "#0"},
				"east": {"uv": [8.5, 12, 9, 13], "texture": "#0"},
				"south": {"uv": [9, 12, 9.5, 13], "texture": "#0"},
				"west": {"uv": [9.5, 12, 10, 13], "texture": "#0"},
				"up": {"uv": [12.5, 12.5, 12, 12], "texture": "#0"},
				"down": {"uv": [0.5, 12.5, 0, 13], "texture": "#0"}
			}
		}
	],
	"overrides": [
		{"predicate": {"custom_model_data": 1}, "model": "minecraft:item/sticky_amethyst"}
	],
	"display": {
		"thirdperson_righthand": {
			"rotation": [90, 0, 0],
			"translation": [0, -2, -1]
		},
		"thirdperson_lefthand": {
			"rotation": [90, 0, 0],
			"translation": [0, -2, -1]
		},
		"firstperson_righthand": {
			"translation": [0, 5.75, 0]
		},
		"firstperson_lefthand": {
			"translation": [0, 5.75, 0]
		},
		"ground": {
			"translation": [0, 4.25, 0]
		},
		"gui": {
			"rotation": [14.89, -25.09, 3.52],
			"translation": [0, 2.75, 0]
		},
		"fixed": {
			"translation": [0, 3, 0]
		}
	}
}