{
	"credit": "Made with Blockbench",
	"texture_size": [32, 32],
	"textures": {
		"0": "item/shroudtaker",
		"particle": "item/shroudtaker"
	},
	"elements": [
		{
			"from": [6, 0, 6],
			"to": [10, 1, 10],
			"rotation": {"angle": 0, "axis": "y", "origin": [6, 0, 6]},
			"faces": {
				"north": {"uv": [6, 2, 8, 2.5], "texture": "#0"},
				"east": {"uv": [6, 2.5, 8, 3], "texture": "#0"},
				"south": {"uv": [6, 3, 8, 3.5], "texture": "#0"},
				"west": {"uv": [6, 3.5, 8, 4], "texture": "#0"},
				"up": {"uv": [6, 2, 4, 0], "texture": "#0"},
				"down": {"uv": [6, 2, 4, 4], "texture": "#0"}
			}
		},
		{
			"from": [7, 1, 7],
			"to": [9, 10, 9],
			"rotation": {"angle": 0, "axis": "y", "origin": [7, 1, 7]},
			"faces": {
				"north": {"uv": [0, 0, 1, 4.5], "texture": "#0"},
				"east": {"uv": [1, 0, 2, 4.5], "texture": "#0"},
				"south": {"uv": [2, 0, 3, 4.5], "texture": "#0"},
				"west": {"uv": [3, 0, 4, 4.5], "texture": "#0"},
				"up": {"uv": [5, 7, 4, 6], "texture": "#0"},
				"down": {"uv": [7, 4, 6, 5], "texture": "#0"}
			}
		},
		{
			"from": [7.75, 10, 7.75],
			"to": [8.25, 12, 8.25],
			"rotation": {"angle": 0, "axis": "y", "origin": [7, 10, 7]},
			"faces": {
				"north": {"uv": [5.5, 7.5, 6, 8.5], "texture": "#0"},
				"east": {"uv": [8, 0, 8.5, 1], "texture": "#0"},
				"south": {"uv": [1, 8, 1.5, 9], "texture": "#0"},
				"west": {"uv": [8, 1, 8.5, 2], "texture": "#0"},
				"up": {"uv": [4.5, 9, 4, 8.5], "texture": "#0"},
				"down": {"uv": [5, 8.5, 4.5, 9], "texture": "#0"}
			}
		},
		{
			"from": [6, 1, 5],
			"to": [10, 2, 6],
			"rotation": {"angle": 0, "axis": "y", "origin": [6, 1, 5]},
			"faces": {
				"north": {"uv": [5, 6, 7, 6.5], "texture": "#0"},
				"east": {"uv": [5, 8.5, 5.5, 9], "texture": "#0"},
				"south": {"uv": [6, 5, 8, 5.5], "texture": "#0"},
				"west": {"uv": [5.5, 8.5, 6, 9], "texture": "#0"},
				"up": {"uv": [8, 6, 6, 5.5], "texture": "#0"},
				"down": {"uv": [2, 6.5, 0, 7], "texture": "#0"}
			}
		},
		{
			"from": [6, 1, 10],
			"to": [10, 2, 11],
			"rotation": {"angle": 0, "axis": "y", "origin": [6, 1, 10]},
			"faces": {
				"north": {"uv": [2, 6.5, 4, 7], "texture": "#0"},
				"east": {"uv": [8.5, 6, 9, 6.5], "texture": "#0"},
				"south": {"uv": [5, 6.5, 7, 7], "texture": "#0"},
				"west": {"uv": [8.5, 6.5, 9, 7], "texture": "#0"},
				"up": {"uv": [2, 7.5, 0, 7], "texture": "#0"},
				"down": {"uv": [4, 7, 2, 7.5], "texture": "#0"}
			}
		},
		{
			"from": [5, 1, 6],
			"to": [6, 2, 10],
			"rotation": {"angle": 0, "axis": "y", "origin": [5, 1, 6]},
			"faces": {
				"north": {"uv": [7, 8.5, 7.5, 9], "texture": "#0"},
				"east": {"uv": [4, 7, 6, 7.5], "texture": "#0"},
				"south": {"uv": [8.5, 7, 9, 7.5], "texture": "#0"},
				"west": {"uv": [7, 4, 9, 4.5], "texture": "#0"},
				"up": {"uv": [6.5, 9, 6, 7], "texture": "#0"},
				"down": {"uv": [7.5, 6, 7, 8], "texture": "#0"}
			}
		},
		{
			"from": [10, 1, 6],
			"to": [11, 2, 10],
			"rotation": {"angle": 0, "axis": "y", "origin": [10, 1, 6]},
			"faces": {
				"north": {"uv": [7.5, 8.5, 8, 9], "texture": "#0"},
				"east": {"uv": [7, 4.5, 9, 5], "texture": "#0"},
				"south": {"uv": [8.5, 7.5, 9, 8], "texture": "#0"},
				"west": {"uv": [0, 7.5, 2, 8], "texture": "#0"},
				"up": {"uv": [7, 9, 6.5, 7], "texture": "#0"},
				"down": {"uv": [2.5, 7.5, 2, 9.5], "texture": "#0"}
			}
		},
		{
			"from": [10, 2, 7],
			"to": [11, 3, 9],
			"rotation": {"angle": 0, "axis": "y", "origin": [10, 2, 7]},
			"faces": {
				"north": {"uv": [8, 8.5, 8.5, 9], "texture": "#0"},
				"east": {"uv": [8, 2, 9, 2.5], "texture": "#0"},
				"south": {"uv": [8.5, 8.5, 9, 9], "texture": "#0"},
				"west": {"uv": [8, 2.5, 9, 3], "texture": "#0"},
				"up": {"uv": [2, 9, 1.5, 8], "texture": "#0"},
				"down": {"uv": [8.5, 3, 8, 4], "texture": "#0"}
			}
		},
		{
			"from": [11, 3, 7],
			"to": [13, 4, 9],
			"rotation": {"angle": 0, "axis": "y", "origin": [11, 3, 7]},
			"faces": {
				"north": {"uv": [8, 5, 9, 5.5], "texture": "#0"},
				"east": {"uv": [8, 5.5, 9, 6], "texture": "#0"},
				"south": {"uv": [7, 8, 8, 8.5], "texture": "#0"},
				"west": {"uv": [8, 8, 9, 8.5], "texture": "#0"},
				"up": {"uv": [3.5, 8.5, 2.5, 7.5], "texture": "#0"},
				"down": {"uv": [4.5, 7.5, 3.5, 8.5], "texture": "#0"}
			}
		},
		{
			"from": [11, 0, 7],
			"to": [13, 1, 9],
			"rotation": {"angle": 0, "axis": "y", "origin": [11, 0, 7]},
			"faces": {
				"north": {"uv": [8.5, 0, 9.5, 0.5], "texture": "#0"},
				"east": {"uv": [8.5, 0.5, 9.5, 1], "texture": "#0"},
				"south": {"uv": [8.5, 1, 9.5, 1.5], "texture": "#0"},
				"west": {"uv": [8.5, 1.5, 9.5, 2], "texture": "#0"},
				"up": {"uv": [5.5, 8.5, 4.5, 7.5], "texture": "#0"},
				"down": {"uv": [8.5, 6, 7.5, 7], "texture": "#0"}
			}
		},
		{
			"from": [13, 1, 7],
			"to": [14, 3, 9],
			"rotation": {"angle": 0, "axis": "y", "origin": [13, 1, 7]},
			"faces": {
				"north": {"uv": [2.5, 8.5, 3, 9.5], "texture": "#0"},
				"east": {"uv": [7.5, 7, 8.5, 8], "texture": "#0"},
				"south": {"uv": [3, 8.5, 3.5, 9.5], "texture": "#0"},
				"west": {"uv": [0, 8, 1, 9], "texture": "#0"},
				"up": {"uv": [9, 4, 8.5, 3], "texture": "#0"},
				"down": {"uv": [4, 8.5, 3.5, 9.5], "texture": "#0"}
			}
		},
		{
			"from": [8, 11, 6],
			"to": [8, 19, 10],
			"rotation": {"angle": -45, "axis": "y", "origin": [8, 13, 8]},
			"faces": {
				"north": {"uv": [0, 0, 0, 2], "texture": "#0"},
				"east": {"uv": [9.5, 0, 11.5, 4], "texture": "#0"},
				"south": {"uv": [0, 0, 0, 2], "texture": "#0"},
				"west": {"uv": [9.5, 0, 11.5, 4], "texture": "#0"},
				"up": {"uv": [0, 2, 0, 0], "texture": "#0"},
				"down": {"uv": [0, 0, 0, 2], "texture": "#0"}
			}
		},
		{
			"from": [8, 11, 6],
			"to": [8, 19, 10],
			"rotation": {"angle": 45, "axis": "y", "origin": [8, 13, 8]},
			"faces": {
				"north": {"uv": [0, 0, 0, 2], "texture": "#0"},
				"east": {"uv": [9.5, 0, 11.5, 4], "texture": "#0"},
				"south": {"uv": [0, 0, 0, 2], "texture": "#0"},
				"west": {"uv": [9.5, 0, 11.5, 4], "texture": "#0"},
				"up": {"uv": [0, 2, 0, 0], "texture": "#0"},
				"down": {"uv": [0, 0, 0, 2], "texture": "#0"}
			}
		}
	],
	"overrides": [
		{"predicate": {"custom_model_data": 1}, "model": "minecraft:item/sticky_amethyst"}
	],
	"display": {
		"thirdperson_righthand": {
			"rotation": [67.5, -90, 0],
			"translation": [0, 4.25, 3.25],
			"scale": [0.75, 0.75, 0.75]
		},
		"thirdperson_lefthand": {
			"rotation": [67.5, 90, 0],
			"translation": [0, 4.25, 3.25],
			"scale": [0.75, 0.75, 0.75]
		},
		"firstperson_righthand": {
			"rotation": [0, -90, 0],
			"translation": [-0.5, 7.25, 2.25],
			"scale": [0.75, 0.75, 0.75]
		},
		"firstperson_lefthand": {
			"rotation": [0, 90, 0],
			"translation": [-0.5, 7.25, 2.25],
			"scale": [0.75, 0.75, 0.75]
		},
		"ground": {
			"translation": [0, 4.25, 0]
		},
		"gui": {
			"rotation": [20, 138, 0],
			"translation": [0, -0.75, 0],
			"scale": [0.75, 0.75, 0.75]
		},
		"fixed": {
			"translation": [0, -1, 0],
			"scale": [0.75, 0.75, 0.75]
		}
	}
}