{
	"credit": "Made with Blockbench",
	"texture_size": [32, 32],
	"textures": {
		"0": "item/deadlocked_pistol",
		"particle": "item/deadlocked_pistol"
	},
	"elements": [
		{
			"from": [0, 3, 7],
			"to": [2, 5, 9],
			"faces": {
				"north": {"uv": [2, 8, 3, 9], "texture": "#0"},
				"east": {"uv": [3, 8, 4, 9], "texture": "#0"},
				"south": {"uv": [4, 8, 5, 9], "texture": "#0"},
				"west": {"uv": [5, 8, 6, 9], "texture": "#0"},
				"up": {"uv": [7, 9, 6, 8], "texture": "#0"},
				"down": {"uv": [8, 8, 7, 9], "texture": "#0"}
			}
		},
		{
			"from": [2, 2, 7],
			"to": [10, 5, 9],
			"faces": {
				"north": {"uv": [5, 0, 9, 1.5], "texture": "#0"},
				"east": {"uv": [7.5, 5, 8.5, 6.5], "texture": "#0"},
				"south": {"uv": [5, 1.5, 9, 3], "texture": "#0"},
				"west": {"uv": [7.5, 6.5, 8.5, 8], "texture": "#0"},
				"up": {"uv": [9, 4, 5, 3], "texture": "#0"},
				"down": {"uv": [9, 4, 5, 5], "texture": "#0"}
			}
		},
		{
			"from": [2, 0, 8],
			"to": [12, 7, 8],
			"faces": {
				"north": {"uv": [0, 0, 5, 3.5], "texture": "#0"},
				"east": {"uv": [0, 0, 0, 3.5], "texture": "#0"},
				"south": {"uv": [0, 3.5, 5, 7], "texture": "#0"},
				"west": {"uv": [0, 0, 0, 3.5], "texture": "#0"},
				"up": {"uv": [5, 0, 0, 0], "texture": "#0"},
				"down": {"uv": [5, 0, 0, 0], "texture": "#0"}
			}
		},
		{
			"from": [7, 5.25, 7.25],
			"to": [12, 8.25, 8.75],
			"rotation": {"angle": -22.5, "axis": "z", "origin": [0, 0, 0]},
			"faces": {
				"north": {"uv": [5, 5, 7.5, 6.5], "texture": "#0"},
				"east": {"uv": [0, 8, 1, 9.5], "texture": "#0"},
				"south": {"uv": [5, 6.5, 7.5, 8], "texture": "#0"},
				"west": {"uv": [1, 8, 2, 9.5], "texture": "#0"},
				"up": {"uv": [2.5, 8, 0, 7], "texture": "#0"},
				"down": {"uv": [5, 7, 2.5, 8], "texture": "#0"}
			}
		}
	],
	"display": {
		"thirdperson_righthand": {
			"rotation": [0, -90, 0],
			"translation": [0, 4, -2]
		},
		"thirdperson_lefthand": {
			"rotation": [0, 90, 0],
			"translation": [0, 3.75, -2]
		},
		"firstperson_righthand": {
			"rotation": [0, -90, 0],
			"translation": [0, 6.5, 0]
		},
		"firstperson_lefthand": {
			"rotation": [0, 90, 0],
			"translation": [0, 6.5, 0]
		},
		"ground": {
			"translation": [0, 5.25, 0]
		},
		"gui": {
			"rotation": [0, 180, 0],
			"translation": [-0.75, 4, 0]
		},
		"head": {
			"rotation": [0, -5, 160],
			"translation": [-7.25, -13, -5.25]
		},
		"fixed": {
			"translation": [1.25, 4.25, 0]
		}
	}
}