{
	"credit": "Made with Blockbench",
	"texture_size": [32, 32],
	"textures": {
		"0": "item/gold_rifle",
		"particle": "item/gold_rifle"
	},
	"elements": [
		{
			"from": [4, 6.45, 7],
			"to": [20, 7.95, 8],
			"rotation": {"angle": 0, "axis": "y", "origin": [4, 5.95, 7]},
			"faces": {
				"north": {"uv": [0, 0, 8, 1], "texture": "#0"},
				"east": {"uv": [7.5, 8, 8, 9], "texture": "#0"},
				"south": {"uv": [0, 1, 8, 2], "texture": "#0"},
				"west": {"uv": [8, 8, 8.5, 9], "texture": "#0"},
				"up": {"uv": [8, 4.5, 0, 4], "texture": "#0"},
				"down": {"uv": [8, 4.5, 0, 5], "texture": "#0"}
			}
		},
		{
			"from": [20, 7.15, 7],
			"to": [25.75, 7.95, 8],
			"rotation": {"angle": 0, "axis": "y", "origin": [7, 5.95, 7]},
			"faces": {
				"north": {"uv": [5.5, 7, 8.5, 7.5], "texture": "#0"},
				"east": {"uv": [8.5, 7.5, 9, 8], "texture": "#0"},
				"south": {"uv": [7, 5.5, 10, 6], "texture": "#0"},
				"west": {"uv": [8.5, 8, 9, 8.5], "texture": "#0"},
				"up": {"uv": [5.5, 8, 2.5, 7.5], "texture": "#0"},
				"down": {"uv": [8.5, 7.5, 5.5, 8], "texture": "#0"}
			}
		},
		{
			"from": [19.5, 7.4, 6.98],
			"to": [21.5, 8.2, 7.96],
			"rotation": {"angle": 22.5, "axis": "z", "origin": [22, 7.8, 7.5]},
			"faces": {
				"north": {"uv": [2, 8.5, 3, 9], "texture": "#0"},
				"east": {"uv": [8.5, 8.5, 9, 9], "texture": "#0"},
				"south": {"uv": [3, 8.5, 4, 9], "texture": "#0"},
				"west": {"uv": [2, 9, 2.5, 9.5], "texture": "#0"},
				"up": {"uv": [5, 9, 4, 8.5], "texture": "#0"},
				"down": {"uv": [6, 8.5, 5, 9], "texture": "#0"}
			}
		},
		{
			"from": [5, 8.45, 7.25],
			"to": [19, 8.95, 7.75],
			"rotation": {"angle": 0, "axis": "y", "origin": [4, 7.45, 7]},
			"faces": {
				"north": {"uv": [0, 5, 7, 5.5], "texture": "#0"},
				"east": {"uv": [7, 8.5, 7.5, 9], "texture": "#0"},
				"south": {"uv": [0, 5.5, 7, 6], "texture": "#0"},
				"west": {"uv": [8.5, 7, 9, 7.5], "texture": "#0"},
				"up": {"uv": [12.5, 2.5, 5.5, 2], "texture": "#0"},
				"down": {"uv": [12.5, 2.5, 5.5, 3], "texture": "#0"}
			}
		},
		{
			"from": [5, 7.95, 7.5],
			"to": [19, 8.45, 7.5],
			"rotation": {"angle": 0, "axis": "y", "origin": [4, 6.95, 7.05]},
			"faces": {
				"north": {"uv": [5.5, 3, 12.5, 3.5], "texture": "#0"},
				"east": {"uv": [0, 0, 0, 0.5], "texture": "#0"},
				"south": {"uv": [5.5, 3.5, 12.5, 4], "texture": "#0"},
				"west": {"uv": [0, 0, 0, 0.5], "texture": "#0"},
				"up": {"uv": [7, 0, 0, 0], "texture": "#0"},
				"down": {"uv": [7, 0, 0, 0], "texture": "#0"}
			}
		},
		{
			"from": [1, 4.45, 7.5],
			"to": [12, 6.45, 7.5],
			"rotation": {"angle": 0, "axis": "y", "origin": [4, 4.95, 7.05]},
			"faces": {
				"north": {"uv": [0, 2, 5.5, 3], "texture": "#0"},
				"east": {"uv": [0, 0, 0, 1], "texture": "#0"},
				"south": {"uv": [0, 3, 5.5, 4], "texture": "#0"},
				"west": {"uv": [0, 0, 0, 1], "texture": "#0"},
				"up": {"uv": [5.5, 0, 0, 0], "texture": "#0"},
				"down": {"uv": [5.5, 0, 0, 0], "texture": "#0"}
			}
		},
		{
			"from": [-6.1, 4.55, 7],
			"to": [-0.1, 6.05, 8],
			"rotation": {"angle": 0, "axis": "y", "origin": [-14, 4.05, 7]},
			"faces": {
				"north": {"uv": [0, 6, 3, 7], "texture": "#0"},
				"east": {"uv": [1, 8.5, 1.5, 9.5], "texture": "#0"},
				"south": {"uv": [3, 6, 6, 7], "texture": "#0"},
				"west": {"uv": [1.5, 8.5, 2, 9.5], "texture": "#0"},
				"up": {"uv": [5.5, 7.5, 2.5, 7], "texture": "#0"},
				"down": {"uv": [10, 5, 7, 5.5], "texture": "#0"}
			}
		},
		{
			"from": [-6.1, 3.15, 7],
			"to": [-3.5, 4.55, 8],
			"rotation": {"angle": 0, "axis": "y", "origin": [-14, 2.45, 7]},
			"faces": {
				"north": {"uv": [8, 4, 9.5, 4.5], "texture": "#0"},
				"east": {"uv": [6.5, 8.5, 7, 9], "texture": "#0"},
				"south": {"uv": [4.5, 8, 6, 8.5], "texture": "#0"},
				"west": {"uv": [8.5, 6.5, 9, 7], "texture": "#0"},
				"up": {"uv": [9.5, 5, 8, 4.5], "texture": "#0"},
				"down": {"uv": [7.5, 8, 6, 8.5], "texture": "#0"}
			}
		},
		{
			"from": [-0.40672, 5.3529, 6.99],
			"to": [4.59328, 6.8529, 7.97],
			"rotation": {"angle": 22.5, "axis": "z", "origin": [1.59328, 6.1029, 6.49]},
			"faces": {
				"north": {"uv": [6, 6, 8.5, 7], "texture": "#0"},
				"east": {"uv": [0, 8.5, 0.5, 9.5], "texture": "#0"},
				"south": {"uv": [0, 7, 2.5, 8], "texture": "#0"},
				"west": {"uv": [0.5, 8.5, 1, 9.5], "texture": "#0"},
				"up": {"uv": [2.5, 8.5, 0, 8], "texture": "#0"},
				"down": {"uv": [10.5, 0, 8, 0.5], "texture": "#0"}
			}
		},
		{
			"from": [-3.90672, 3.4529, 6.99],
			"to": [0.09328, 4.9529, 7.97],
			"rotation": {"angle": 22.5, "axis": "z", "origin": [-2.90672, 4.2029, 6.49]},
			"faces": {
				"north": {"uv": [8, 0.5, 10, 1], "texture": "#0"},
				"east": {"uv": [6, 8.5, 6.5, 9], "texture": "#0"},
				"south": {"uv": [8, 1, 10, 1.5], "texture": "#0"},
				"west": {"uv": [8.5, 6, 9, 6.5], "texture": "#0"},
				"up": {"uv": [10, 2, 8, 1.5], "texture": "#0"},
				"down": {"uv": [4.5, 8, 2.5, 8.5], "texture": "#0"}
			}
		}
	],
	"display": {
		"thirdperson_righthand": {
			"rotation": [0, 90, 0],
			"translation": [0.5, 1, 2]
		},
		"thirdperson_lefthand": {
			"rotation": [0, -90, 0],
			"translation": [-0.5, 1, 2]
		},
		"firstperson_righthand": {
			"rotation": [0, 90, 0],
			"translation": [0, 3.5, 1.5]
		},
		"firstperson_lefthand": {
			"rotation": [0, -90, 0],
			"translation": [0, 3.5, 0.75]
		},
		"ground": {
			"translation": [0, 0.75, 0]
		},
		"gui": {
			"rotation": [20, -39, -15],
			"translation": [-0.5, 0.5, 0],
			"scale": [0.7, 0.7, 0.7]
		}
	}
}