{
	"credit": "Made with Blockbench",
	"texture_size": [32, 32],
	"textures": {
		"0": "item/gold_shotgun",
		"particle": "item/gold_shotgun"
	},
	"elements": [
		{
			"from": [8, 4, 2],
			"to": [9, 5, 14],
			"rotation": {"angle": 45, "axis": "z", "origin": [9, 3, 2]},
			"faces": {
				"north": {"uv": [8, 6, 8.5, 6.5], "texture": "#0"},
				"east": {"uv": [0, 0, 6, 0.5], "texture": "#0"},
				"south": {"uv": [6.5, 8, 7, 8.5], "texture": "#0"},
				"west": {"uv": [0, 0.5, 6, 1], "texture": "#0"},
				"up": {"uv": [0.5, 7, 0, 1], "texture": "#0"},
				"down": {"uv": [1, 1, 0.5, 7], "texture": "#0"}
			}
		},
		{
			"from": [9.25, 4, 2],
			"to": [10.25, 5, 14],
			"rotation": {"angle": 45, "axis": "z", "origin": [10.25, 3, 2]},
			"faces": {
				"north": {"uv": [8, 6.5, 8.5, 7], "texture": "#0"},
				"east": {"uv": [1, 1, 7, 1.5], "texture": "#0"},
				"south": {"uv": [7, 8, 7.5, 8.5], "texture": "#0"},
				"west": {"uv": [1, 1.5, 7, 2], "texture": "#0"},
				"up": {"uv": [1.5, 8, 1, 2], "texture": "#0"},
				"down": {"uv": [2, 2, 1.5, 8], "texture": "#0"}
			}
		},
		{
			"from": [8.25, 4, 9],
			"to": [8.25, 4.5, 13],
			"rotation": {"angle": 0, "axis": "y", "origin": [6.25, 4, 11]},
			"faces": {
				"north": {"uv": [0, 0, 0, 0.5], "texture": "#0"},
				"east": {"uv": [8, 0.5, 10, 1], "texture": "#0"},
				"south": {"uv": [0, 0, 0, 0.5], "texture": "#0"},
				"west": {"uv": [4.5, 8, 6.5, 8.5], "texture": "#0"},
				"up": {"uv": [0, 2, 0, 0], "texture": "#0"},
				"down": {"uv": [0, 0, 0, 2], "texture": "#0"}
			}
		},
		{
			"from": [8.25, 1.75, 1],
			"to": [8.25, 2.25, 5],
			"rotation": {"angle": 0, "axis": "y", "origin": [6.25, 1.25, 3]},
			"faces": {
				"north": {"uv": [0, 0, 0, 0.5], "texture": "#0"},
				"east": {"uv": [8, 5, 10, 5.5], "texture": "#0"},
				"south": {"uv": [0, 0, 0, 0.5], "texture": "#0"},
				"west": {"uv": [8, 5.5, 10, 6], "texture": "#0"},
				"up": {"uv": [0, 2, 0, 0], "texture": "#0"},
				"down": {"uv": [0, 0, 0, 2], "texture": "#0"}
			}
		},
		{
			"from": [6.9, 2.25, 1],
			"to": [9.5, 3.95, 5],
			"rotation": {"angle": 0, "axis": "y", "origin": [7.25, 0.75, 1]},
			"faces": {
				"north": {"uv": [3.5, 6, 5, 7], "texture": "#0"},
				"east": {"uv": [6, 0, 8, 1], "texture": "#0"},
				"south": {"uv": [3.5, 7, 5, 8], "texture": "#0"},
				"west": {"uv": [6, 4, 8, 5], "texture": "#0"},
				"up": {"uv": [3.5, 4, 2, 2], "texture": "#0"},
				"down": {"uv": [5, 2, 3.5, 4], "texture": "#0"}
			}
		},
		{
			"from": [6.9, 1.15, -5.6],
			"to": [9.5, 2.85, -1.6],
			"rotation": {"angle": 0, "axis": "y", "origin": [7.25, -0.35, -5.6]},
			"faces": {
				"north": {"uv": [3, 8, 4.5, 9], "texture": "#0"},
				"east": {"uv": [7, 1, 9, 2], "texture": "#0"},
				"south": {"uv": [8, 4, 9.5, 5], "texture": "#0"},
				"west": {"uv": [6, 7, 8, 8], "texture": "#0"},
				"up": {"uv": [3.5, 8, 2, 6], "texture": "#0"},
				"down": {"uv": [7.5, 2, 6, 4], "texture": "#0"}
			}
		},
		{
			"from": [7.15, 2.6, 5],
			"to": [9.25, 3.55, 10.5],
			"rotation": {"angle": 0, "axis": "y", "origin": [7.25, 0.35, 5.5]},
			"faces": {
				"north": {"uv": [0, 7, 1, 7.5], "texture": "#0"},
				"east": {"uv": [0, 8, 3, 8.5], "texture": "#0"},
				"south": {"uv": [0, 7.5, 1, 8], "texture": "#0"},
				"west": {"uv": [8, 0, 11, 0.5], "texture": "#0"},
				"up": {"uv": [6, 5, 5, 2], "texture": "#0"},
				"down": {"uv": [6, 5, 5, 8], "texture": "#0"}
			}
		},
		{
			"from": [6.905, 1.15, -1.25],
			"to": [9.505, 2.65, 2.5],
			"rotation": {"angle": -22.5, "axis": "x", "origin": [7.175, -0.35, -1.5]},
			"faces": {
				"north": {"uv": [7.5, 2, 9, 3], "texture": "#0"},
				"east": {"uv": [6, 5, 8, 6], "texture": "#0"},
				"south": {"uv": [7.5, 3, 9, 4], "texture": "#0"},
				"west": {"uv": [6, 6, 8, 7], "texture": "#0"},
				"up": {"uv": [3.5, 6, 2, 4], "texture": "#0"},
				"down": {"uv": [5, 4, 3.5, 6], "texture": "#0"}
			}
		}
	],
	"display": {
		"thirdperson_righthand": {
			"rotation": [0, 180, 0],
			"translation": [0.25, 5, -4.75]
		},
		"thirdperson_lefthand": {
			"rotation": [0, 180, 0],
			"translation": [-0.25, 5, -4.5]
		},
		"firstperson_righthand": {
			"rotation": [0, 180, 0],
			"translation": [-1.5, 9, 0]
		},
		"firstperson_lefthand": {
			"rotation": [0, 180, 0],
			"translation": [-9.25, 12, 0]
		},
		"ground": {
			"translation": [0, 3.75, 0]
		},
		"gui": {
			"rotation": [0, 90, 0],
			"translation": [3.25, 3.25, 0]
		},
		"head": {
			"translation": [-0.25, 0.75, 0]
		}
	}
}