{
  "parent": "minecraft:item/generated",
  "textures": {
    "layer0": "minecraft:item/heart_of_the_sea"
  },
  "overrides": [
    {
      "predicate": {
        "custom_model_data": 1
      },
      "model": "minecraft:item/map_icon"
    },
	{
      "predicate": {
        "custom_model_data": 2
      },
      "model": "minecraft:item/no_icon"
    },
	{
      "predicate": {
        "custom_model_data": 3
      },
      "model": "minecraft:item/gold_rifle"
    },
	{
      "predicate": {
        "custom_model_data": 4
      },
      "model": "minecraft:item/gold_shotgun"
    }
  ]
}
