{
	"credit": "Made with Blockbench",
	"parent": "minecraft:item/generated",
	"textures": {
		"layer0": "item/iron_knife"
	},
	"gui_light": "front",
	"display": {
		"thirdperson_righthand": {
			"rotation": [103, -90, 57],
			"translation": [0.5, 2, 1.25],
			"scale": [0.85, 0.85, 0.85]
		},
		"thirdperson_lefthand": {
			"rotation": [103, 90, -57],
			"translation": [-0.5, 2, 1.25],
			"scale": [0.85, 0.85, 0.85]
		},
		"firstperson_righthand": {
			"rotation": [0, -90, -15],
			"translation": [3.25, 1.5, 0]
		},
		"firstperson_lefthand": {
			"rotation": [0, 90, 15],
			"translation": [3.25, 1.5, 0]
		},
		"ground": {
			"translation": [0, 1.75, 0],
			"scale": [0.5, 0.5, 0.5]
		},
		"head": {
			"rotation": [0, 180, 45],
			"translation": [-9, 2.75, 0.5]
		},
		"fixed": {
			"rotation": [0, 180, 0]
		}
	}
}