{
	"credit": "Made with Blockbench",
	"texture_size": [64, 64],
	"textures": {
		"0": "item/moonlight_scythe",
		"particle": "item/moonlight_scythe"
	},
	"elements": [
		{
			"from": [6.6, 16, -5.5],
			"to": [9.4, 16.5, -2.5],
			"rotation": {"angle": 0, "axis": "y", "origin": [7, 16, -5]},
			"faces": {
				"north": {"uv": [4.75, 2, 5.5, 2.25], "texture": "#0"},
				"east": {"uv": [8.25, 5, 9, 5.25], "texture": "#0"},
				"south": {"uv": [3, 8.5, 3.75, 8.75], "texture": "#0"},
				"west": {"uv": [8.5, 5.25, 9.25, 5.5], "texture": "#0"},
				"up": {"uv": [7, 3.25, 6.25, 2.5], "texture": "#0"},
				"down": {"uv": [3.75, 6.25, 3, 7], "texture": "#0"}
			}
		},
		{
			"from": [6.6, 22, -5.5],
			"to": [9.4, 22.5, -2.5],
			"rotation": {"angle": 0, "axis": "y", "origin": [7, 22, -5]},
			"faces": {
				"north": {"uv": [8.5, 5.5, 9.25, 5.75], "texture": "#0"},
				"east": {"uv": [8.5, 5.75, 9.25, 6], "texture": "#0"},
				"south": {"uv": [8.5, 6, 9.25, 6.25], "texture": "#0"},
				"west": {"uv": [8.5, 6.25, 9.25, 6.5], "texture": "#0"},
				"up": {"uv": [7, 4, 6.25, 3.25], "texture": "#0"},
				"down": {"uv": [5.75, 6.25, 5, 7], "texture": "#0"}
			}
		},
		{
			"from": [7, 16, -5],
			"to": [9, 22, -3],
			"rotation": {"angle": 0, "axis": "y", "origin": [7, 16, -5]},
			"faces": {
				"north": {"uv": [1, 4.75, 1.5, 6.25], "texture": "#0"},
				"east": {"uv": [1.5, 4.75, 2, 6.25], "texture": "#0"},
				"south": {"uv": [2, 4.75, 2.5, 6.25], "texture": "#0"},
				"west": {"uv": [2.5, 4.75, 3, 6.25], "texture": "#0"},
				"up": {"uv": [0.5, 8.5, 0, 8], "texture": "#0"},
				"down": {"uv": [8.5, 0, 8, 0.5], "texture": "#0"}
			}
		},
		{
			"from": [7, 10, -5],
			"to": [9, 16, -3],
			"rotation": {"angle": 0, "axis": "y", "origin": [7, 10, -5]},
			"faces": {
				"north": {"uv": [5.75, 2.5, 6.25, 4], "texture": "#0"},
				"east": {"uv": [6, 0, 6.5, 1.5], "texture": "#0"},
				"south": {"uv": [4, 6, 4.5, 7.5], "texture": "#0"},
				"west": {"uv": [6, 4, 6.5, 5.5], "texture": "#0"},
				"up": {"uv": [5.75, 8.75, 5.25, 8.25], "texture": "#0"},
				"down": {"uv": [6.25, 8.25, 5.75, 8.75], "texture": "#0"}
			}
		},
		{
			"from": [7, 2.5, -7.1],
			"to": [9, 11.5, -5.1],
			"rotation": {"angle": 22.5, "axis": "x", "origin": [7, 5.5, -7.1]},
			"faces": {
				"north": {"uv": [3, 4, 3.5, 6.25], "texture": "#0"},
				"east": {"uv": [4, 3.75, 4.5, 6], "texture": "#0"},
				"south": {"uv": [4.25, 0, 4.75, 2.25], "texture": "#0"},
				"west": {"uv": [4.5, 3.75, 5, 6], "texture": "#0"},
				"up": {"uv": [6.75, 8.75, 6.25, 8.25], "texture": "#0"},
				"down": {"uv": [7.25, 8.25, 6.75, 8.75], "texture": "#0"}
			}
		},
		{
			"from": [6.6, 1.5, -7.4],
			"to": [9.2, 3.5, -4.8],
			"rotation": {"angle": 22.5, "axis": "x", "origin": [7, 5.5, -7.2]},
			"faces": {
				"north": {"uv": [5, 7.75, 5.75, 8.25], "texture": "#0"},
				"east": {"uv": [7.75, 5.25, 8.5, 5.75], "texture": "#0"},
				"south": {"uv": [7.75, 5.75, 8.5, 6.25], "texture": "#0"},
				"west": {"uv": [6.25, 7.75, 7, 8.25], "texture": "#0"},
				"up": {"uv": [7.25, 4.75, 6.5, 4], "texture": "#0"},
				"down": {"uv": [7.25, 4.75, 6.5, 5.5], "texture": "#0"}
			}
		},
		{
			"from": [6.6, 0.2, -8.4],
			"to": [9.2, 1.1, -5.9],
			"rotation": {"angle": 22.5, "axis": "x", "origin": [7, 3.1, -8.3]},
			"faces": {
				"north": {"uv": [8.5, 8, 9.25, 8.25], "texture": "#0"},
				"east": {"uv": [0.5, 8.75, 1.25, 9], "texture": "#0"},
				"south": {"uv": [8.75, 0.5, 9.5, 0.75], "texture": "#0"},
				"west": {"uv": [8.75, 0.75, 9.5, 1], "texture": "#0"},
				"up": {"uv": [6.5, 7.5, 5.75, 6.75], "texture": "#0"},
				"down": {"uv": [7.75, 2.5, 7, 3.25], "texture": "#0"}
			}
		},
		{
			"from": [6.9, 0.9, -7.6],
			"to": [8.9, 2.5, -5.6],
			"rotation": {"angle": 22.5, "axis": "x", "origin": [7, 4.5, -7.7]},
			"faces": {
				"north": {"uv": [7.25, 8.25, 7.75, 8.75], "texture": "#0"},
				"east": {"uv": [7.75, 8.25, 8.25, 8.75], "texture": "#0"},
				"south": {"uv": [8.25, 8.25, 8.75, 8.75], "texture": "#0"},
				"west": {"uv": [0, 8.5, 0.5, 9], "texture": "#0"},
				"up": {"uv": [9, 0.5, 8.5, 0], "texture": "#0"},
				"down": {"uv": [3, 8.5, 2.5, 9], "texture": "#0"}
			}
		},
		{
			"from": [7.2, -0.4, -8],
			"to": [8.6, 0.9, -6.6],
			"rotation": {"angle": 22.5, "axis": "x", "origin": [7, 2.9, -8.4]},
			"faces": {
				"north": {"uv": [3.75, 2.25, 4, 2.5], "texture": "#0"},
				"east": {"uv": [5.5, 2.5, 5.75, 2.75], "texture": "#0"},
				"south": {"uv": [5.5, 2.75, 5.75, 3], "texture": "#0"},
				"west": {"uv": [5.5, 3, 5.75, 3.25], "texture": "#0"},
				"up": {"uv": [5.75, 3.5, 5.5, 3.25], "texture": "#0"},
				"down": {"uv": [5.75, 3.5, 5.5, 3.75], "texture": "#0"}
			}
		},
		{
			"from": [6.6, 8.9, -4.4],
			"to": [9.2, 10.9, -1.8],
			"rotation": {"angle": 22.5, "axis": "x", "origin": [7, 12.9, -4.2]},
			"faces": {
				"north": {"uv": [7.75, 6.25, 8.5, 6.75], "texture": "#0"},
				"east": {"uv": [7.75, 6.75, 8.5, 7.25], "texture": "#0"},
				"south": {"uv": [7.75, 7.25, 8.5, 7.75], "texture": "#0"},
				"west": {"uv": [7.75, 7.75, 8.5, 8.25], "texture": "#0"},
				"up": {"uv": [7.25, 6.25, 6.5, 5.5], "texture": "#0"},
				"down": {"uv": [7.25, 6.25, 6.5, 7], "texture": "#0"}
			}
		},
		{
			"from": [6.8, 18, -6.4],
			"to": [9.2, 19.4, -3.8],
			"rotation": {"angle": 22.5, "axis": "x", "origin": [7, 16, -5]},
			"faces": {
				"north": {"uv": [8.75, 1, 9.25, 1.25], "texture": "#0"},
				"east": {"uv": [8.5, 6.5, 9.25, 6.75], "texture": "#0"},
				"south": {"uv": [1.25, 8.75, 1.75, 9], "texture": "#0"},
				"west": {"uv": [8.5, 6.75, 9.25, 7], "texture": "#0"},
				"up": {"uv": [8.25, 3, 7.75, 2.25], "texture": "#0"},
				"down": {"uv": [3.25, 7.75, 2.75, 8.5], "texture": "#0"}
			}
		},
		{
			"from": [6.81, 20, -4.4],
			"to": [9.21, 21.4, -1.8],
			"rotation": {"angle": -22.5, "axis": "x", "origin": [6, 18, -3]},
			"faces": {
				"north": {"uv": [8.75, 1.25, 9.25, 1.5], "texture": "#0"},
				"east": {"uv": [8.5, 7, 9.25, 7.25], "texture": "#0"},
				"south": {"uv": [8.75, 1.5, 9.25, 1.75], "texture": "#0"},
				"west": {"uv": [8.5, 7.25, 9.25, 7.5], "texture": "#0"},
				"up": {"uv": [8.25, 3.75, 7.75, 3], "texture": "#0"},
				"down": {"uv": [3.75, 7.75, 3.25, 8.5], "texture": "#0"}
			}
		},
		{
			"from": [6.81, 17, -4.4],
			"to": [9.21, 18.4, -1.8],
			"rotation": {"angle": -22.5, "axis": "x", "origin": [7, 15, -3]},
			"faces": {
				"north": {"uv": [1.75, 8.75, 2.25, 9], "texture": "#0"},
				"east": {"uv": [8.5, 7.5, 9.25, 7.75], "texture": "#0"},
				"south": {"uv": [8.75, 1.75, 9.25, 2], "texture": "#0"},
				"west": {"uv": [8.5, 7.75, 9.25, 8], "texture": "#0"},
				"up": {"uv": [8.25, 4.5, 7.75, 3.75], "texture": "#0"},
				"down": {"uv": [8.25, 4.5, 7.75, 5.25], "texture": "#0"}
			}
		},
		{
			"from": [6.6, 22.4, -6],
			"to": [9.4, 28, -1.9],
			"rotation": {"angle": 0, "axis": "y", "origin": [7, 22, -5]},
			"faces": {
				"north": {"uv": [2, 2.5, 2.75, 4], "texture": "#0"},
				"east": {"uv": [0, 2.5, 1, 4], "texture": "#0"},
				"south": {"uv": [2.75, 2.5, 3.5, 4], "texture": "#0"},
				"west": {"uv": [1, 2.5, 2, 4], "texture": "#0"},
				"up": {"uv": [5.5, 2, 4.75, 1], "texture": "#0"},
				"down": {"uv": [5.75, 3.75, 5, 4.75], "texture": "#0"}
			}
		},
		{
			"from": [6.99, 24.2, -7.9],
			"to": [8.98, 27.2, -5],
			"rotation": {"angle": 0, "axis": "y", "origin": [8, 25.5, -6]},
			"faces": {
				"north": {"uv": [7.25, 1.75, 7.75, 2.5], "texture": "#0"},
				"east": {"uv": [6.5, 0, 7.25, 0.75], "texture": "#0"},
				"south": {"uv": [7.25, 6, 7.75, 6.75], "texture": "#0"},
				"west": {"uv": [6.5, 0.75, 7.25, 1.5], "texture": "#0"},
				"up": {"uv": [7.75, 7.5, 7.25, 6.75], "texture": "#0"},
				"down": {"uv": [1.25, 7.5, 0.75, 8.25], "texture": "#0"}
			}
		},
		{
			"from": [7, 22.48478, -10.67926],
			"to": [9, 26.48478, -6.57926],
			"rotation": {"angle": -22.5, "axis": "x", "origin": [8, 23.98478, -9.17926]},
			"faces": {
				"north": {"uv": [7.25, 0.75, 7.75, 1.75], "texture": "#0"},
				"east": {"uv": [0, 4.75, 1, 5.75], "texture": "#0"},
				"south": {"uv": [7.25, 4, 7.75, 5], "texture": "#0"},
				"west": {"uv": [4.75, 0, 5.75, 1], "texture": "#0"},
				"up": {"uv": [5, 8.25, 4.5, 7.25], "texture": "#0"},
				"down": {"uv": [7.75, 5, 7.25, 6], "texture": "#0"}
			}
		},
		{
			"from": [7, 25.58478, -11.17926],
			"to": [9, 27.18478, -9.07926],
			"rotation": {"angle": -22.5, "axis": "x", "origin": [8, 24.68478, -11.67926]},
			"faces": {
				"north": {"uv": [0.5, 8.25, 1, 8.75], "texture": "#0"},
				"east": {"uv": [8.25, 0.5, 8.75, 1], "texture": "#0"},
				"south": {"uv": [1, 8.25, 1.5, 8.75], "texture": "#0"},
				"west": {"uv": [8.25, 1, 8.75, 1.5], "texture": "#0"},
				"up": {"uv": [2, 8.75, 1.5, 8.25], "texture": "#0"},
				"down": {"uv": [8.75, 1.5, 8.25, 2], "texture": "#0"}
			}
		},
		{
			"from": [6.98, 22.28478, -7.47926],
			"to": [8.97, 24.38478, -5.17926],
			"rotation": {"angle": 22.5, "axis": "x", "origin": [8, 21.78478, -4.67926]},
			"faces": {
				"north": {"uv": [2, 8.25, 2.5, 8.75], "texture": "#0"},
				"east": {"uv": [8.25, 2, 8.75, 2.5], "texture": "#0"},
				"south": {"uv": [8.25, 2.5, 8.75, 3], "texture": "#0"},
				"west": {"uv": [8.25, 3, 8.75, 3.5], "texture": "#0"},
				"up": {"uv": [8.75, 4, 8.25, 3.5], "texture": "#0"},
				"down": {"uv": [4.25, 8.25, 3.75, 8.75], "texture": "#0"}
			}
		},
		{
			"from": [7, 22.7, -4],
			"to": [9, 27.7, 5],
			"rotation": {"angle": 0, "axis": "y", "origin": [7, 23, -6]},
			"faces": {
				"north": {"uv": [4.5, 6, 5, 7.25], "texture": "#0"},
				"east": {"uv": [0, 0, 2.25, 1.25], "texture": "#0"},
				"south": {"uv": [6, 5.5, 6.5, 6.75], "texture": "#0"},
				"west": {"uv": [0, 1.25, 2.25, 2.5], "texture": "#0"},
				"up": {"uv": [4, 4.75, 3.5, 2.5], "texture": "#0"},
				"down": {"uv": [4.25, 0, 3.75, 2.25], "texture": "#0"}
			}
		},
		{
			"from": [6.98, 20.9, 3.6],
			"to": [8.98, 25.8, 9.6],
			"rotation": {"angle": 22.5, "axis": "x", "origin": [7, 23.3, 9.1]},
			"faces": {
				"north": {"uv": [1, 6.25, 1.5, 7.5], "texture": "#0"},
				"east": {"uv": [2.25, 0, 3.75, 1.25], "texture": "#0"},
				"south": {"uv": [1.5, 6.25, 2, 7.5], "texture": "#0"},
				"west": {"uv": [2.25, 1.25, 3.75, 2.5], "texture": "#0"},
				"up": {"uv": [4, 6.25, 3.5, 4.75], "texture": "#0"},
				"down": {"uv": [5.5, 4.75, 5, 6.25], "texture": "#0"}
			}
		},
		{
			"from": [6.91, 19.6, 6.9],
			"to": [9.01, 22.4, 12.9],
			"rotation": {"angle": 45, "axis": "x", "origin": [8, 19.9, 12.4]},
			"faces": {
				"north": {"uv": [1.25, 7.5, 1.75, 8.25], "texture": "#0"},
				"east": {"uv": [0, 4, 1.5, 4.75], "texture": "#0"},
				"south": {"uv": [1.75, 7.5, 2.25, 8.25], "texture": "#0"},
				"west": {"uv": [1.5, 4, 3, 4.75], "texture": "#0"},
				"up": {"uv": [6, 2.5, 5.5, 1], "texture": "#0"},
				"down": {"uv": [6, 4.75, 5.5, 6.25], "texture": "#0"}
			}
		},
		{
			"from": [6.99, 18, 15],
			"to": [9.09, 21, 16.6],
			"rotation": {"angle": -22.5, "axis": "x", "origin": [8, 15.5, 14.1]},
			"faces": {
				"north": {"uv": [5.75, 7.5, 6.25, 8.25], "texture": "#0"},
				"east": {"uv": [7.25, 7.5, 7.75, 8.25], "texture": "#0"},
				"south": {"uv": [7.75, 0.75, 8.25, 1.5], "texture": "#0"},
				"west": {"uv": [7.75, 1.5, 8.25, 2.25], "texture": "#0"},
				"up": {"uv": [8.75, 4.5, 8.25, 4], "texture": "#0"},
				"down": {"uv": [4.75, 8.25, 4.25, 8.75], "texture": "#0"}
			}
		},
		{
			"from": [6.99, 19.5, 6.5],
			"to": [8.99, 22.353, 12.5],
			"rotation": {"angle": 22.5, "axis": "x", "origin": [8, 20, 12]},
			"faces": {
				"north": {"uv": [2.25, 7.5, 2.75, 8.25], "texture": "#0"},
				"east": {"uv": [4, 2.25, 5.5, 3], "texture": "#0"},
				"south": {"uv": [3.75, 7.5, 4.25, 8.25], "texture": "#0"},
				"west": {"uv": [4, 3, 5.5, 3.75], "texture": "#0"},
				"up": {"uv": [0.5, 7.25, 0, 5.75], "texture": "#0"},
				"down": {"uv": [1, 5.75, 0.5, 7.25], "texture": "#0"}
			}
		},
		{
			"from": [7, 18.6, 8.8],
			"to": [9, 20.4, 13.8],
			"rotation": {"angle": 22.5, "axis": "x", "origin": [8, 19, 14.3]},
			"faces": {
				"north": {"uv": [8.25, 4.5, 8.75, 5], "texture": "#0"},
				"east": {"uv": [6, 1.5, 7.25, 2], "texture": "#0"},
				"south": {"uv": [4.75, 8.25, 5.25, 8.75], "texture": "#0"},
				"west": {"uv": [6, 2, 7.25, 2.5], "texture": "#0"},
				"up": {"uv": [2.5, 7.5, 2, 6.25], "texture": "#0"},
				"down": {"uv": [3, 6.25, 2.5, 7.5], "texture": "#0"}
			}
		},
		{
			"from": [8, 29, -1],
			"to": [8, 32, 2],
			"rotation": {"angle": 0, "axis": "y", "origin": [7, 30, 0]},
			"faces": {
				"north": {"uv": [0, 0, 0, 0.75], "texture": "#0"},
				"east": {"uv": [3, 7, 3.75, 7.75], "texture": "#0"},
				"south": {"uv": [0, 0, 0, 0.75], "texture": "#0"},
				"west": {"uv": [7, 3.25, 7.75, 4], "texture": "#0"},
				"up": {"uv": [0, 0.75, 0, 0], "texture": "#0"},
				"down": {"uv": [0, 0, 0, 0.75], "texture": "#0"}
			}
		},
		{
			"from": [8, 14, 1],
			"to": [8, 17, 4],
			"rotation": {"angle": 0, "axis": "y", "origin": [7, 15, 2]},
			"faces": {
				"north": {"uv": [0, 0, 0, 0.75], "texture": "#0"},
				"east": {"uv": [5, 7, 5.75, 7.75], "texture": "#0"},
				"south": {"uv": [0, 0, 0, 0.75], "texture": "#0"},
				"west": {"uv": [6.5, 7, 7.25, 7.75], "texture": "#0"},
				"up": {"uv": [0, 0.75, 0, 0], "texture": "#0"},
				"down": {"uv": [0, 0, 0, 0.75], "texture": "#0"}
			}
		},
		{
			"from": [8, 24, 13],
			"to": [8, 27, 16],
			"rotation": {"angle": 0, "axis": "y", "origin": [7, 25, 14]},
			"faces": {
				"north": {"uv": [0, 0, 0, 0.75], "texture": "#0"},
				"east": {"uv": [0, 7.25, 0.75, 8], "texture": "#0"},
				"south": {"uv": [0, 0, 0, 0.75], "texture": "#0"},
				"west": {"uv": [7.25, 0, 8, 0.75], "texture": "#0"},
				"up": {"uv": [0, 0.75, 0, 0], "texture": "#0"},
				"down": {"uv": [0, 0, 0, 0.75], "texture": "#0"}
			}
		},
		{
			"from": [8, 29, 4],
			"to": [8, 30, 5],
			"rotation": {"angle": 0, "axis": "y", "origin": [7, 30, 5]},
			"faces": {
				"north": {"uv": [0, 0, 0, 0.25], "texture": "#0"},
				"east": {"uv": [5.75, 0, 6, 0.25], "texture": "#0"},
				"south": {"uv": [0, 0, 0, 0.25], "texture": "#0"},
				"west": {"uv": [5.75, 0.25, 6, 0.5], "texture": "#0"},
				"up": {"uv": [0, 0.25, 0, 0], "texture": "#0"},
				"down": {"uv": [0, 0, 0, 0.25], "texture": "#0"}
			}
		},
		{
			"from": [8, 22, 17],
			"to": [8, 23, 18],
			"rotation": {"angle": 0, "axis": "y", "origin": [7, 23, 18]},
			"faces": {
				"north": {"uv": [0, 0, 0, 0.25], "texture": "#0"},
				"east": {"uv": [5.75, 0.5, 6, 0.75], "texture": "#0"},
				"south": {"uv": [0, 0, 0, 0.25], "texture": "#0"},
				"west": {"uv": [5.75, 0.75, 6, 1], "texture": "#0"},
				"up": {"uv": [0, 0.25, 0, 0], "texture": "#0"},
				"down": {"uv": [0, 0, 0, 0.25], "texture": "#0"}
			}
		}
	],
	"gui_light": "front",
	"display": {
		"thirdperson_righthand": {
			"rotation": [24, -180, 0],
			"translation": [0, -2, -13]
		},
		"thirdperson_lefthand": {
			"rotation": [24, -180, 0],
			"translation": [0, -2, -13]
		},
		"firstperson_righthand": {
			"rotation": [-34, 180, 0],
			"translation": [3.25, -14, 1.25]
		},
		"firstperson_lefthand": {
			"rotation": [-34, 180, 0],
			"translation": [6.25, -14, -1.25]
		},
		"ground": {
			"rotation": [30, 0, 0],
			"translation": [0, -1.75, 2],
			"scale": [0.5, 0.5, 0.5]
		},
		"gui": {
			"rotation": [0, -90, 0],
			"translation": [-2.25, -3.5, 0],
			"scale": [0.45, 0.45, 0.45]
		},
		"head": {
			"rotation": [106, 0, 0],
			"translation": [0, 9.25, -9.5]
		},
		"fixed": {
			"rotation": [0, -90, 0],
			"translation": [-3.5, -4.25, 0],
			"scale": [0.6, 0.6, 0.6]
		}
	}
}