{
	"credit": "Made with Blockbench",
	"parent": "minecraft:item/generated",
	"textures": {
		"layer0": "item/netherite_scythe"
	},
	"gui_light": "front",
	"display": {
		"thirdperson_righthand": {
			"rotation": [0, -90, 0],
			"translation": [0, 0, -3.01],
			"scale": [0.75, 0.75, 0.75]
		},
		"thirdperson_lefthand": {
			"rotation": [0, 90, 0],
			"translation": [0, 0, -3.01],
			"scale": [0.75, 0.75, 0.75]
		},
		"firstperson_righthand": {
			"rotation": [-10, -90, 0],
			"translation": [0, 3, -1.5]
		},
		"firstperson_lefthand": {
			"rotation": [-10, 90, 0],
			"translation": [0, 3, -1.5]
		},
		"ground": {
			"translation": [0, 2, 0],
			"scale": [0.5, 0.5, 0.5]
		},
		"head": {
			"rotation": [106, 90, 0],
			"translation": [0, 10, 0]
		},
		"fixed": {
			"rotation": [0, 180, 0]
		}
	}
}