{
	"credit": "Made with Blockbench",
	"texture_size": [32, 32],
	"textures": {
		"2": "item/netherite_knife"
	},
	"elements": [
		{
			"from": [2, 8, 8],
			"to": [3, 14, 9],
			"rotation": {"angle": 0, "axis": "y", "origin": [2, 8, 7]},
			"faces": {
				"north": {"uv": [0, 4, 0.5, 7], "texture": "#2"},
				"east": {"uv": [4, 0, 4.5, 3], "texture": "#2"},
				"south": {"uv": [0.5, 4, 1, 7], "texture": "#2"},
				"west": {"uv": [1, 4, 1.5, 7], "texture": "#2"},
				"up": {"uv": [8, 0.5, 7.5, 0], "texture": "#2"},
				"down": {"uv": [8, 0.5, 7.5, 1], "texture": "#2"}
			}
		},
		{
			"from": [1, 10, 8],
			"to": [2, 14, 9],
			"rotation": {"angle": 0, "axis": "y", "origin": [1, 12, 7]},
			"faces": {
				"north": {"uv": [5, 0, 5.5, 2], "texture": "#2"},
				"east": {"uv": [5, 2, 5.5, 4], "texture": "#2"},
				"south": {"uv": [5, 4, 5.5, 6], "texture": "#2"},
				"west": {"uv": [5.5, 0, 6, 2], "texture": "#2"},
				"up": {"uv": [8, 1.5, 7.5, 1], "texture": "#2"},
				"down": {"uv": [8, 1.5, 7.5, 2], "texture": "#2"}
			}
		},
		{
			"from": [3, 6, 8],
			"to": [4, 13, 9],
			"rotation": {"angle": 0, "axis": "y", "origin": [3, 7, 7]},
			"faces": {
				"north": {"uv": [2, 0, 2.5, 3.5], "texture": "#2"},
				"east": {"uv": [2.5, 0, 3, 3.5], "texture": "#2"},
				"south": {"uv": [3, 0, 3.5, 3.5], "texture": "#2"},
				"west": {"uv": [3.5, 0, 4, 3.5], "texture": "#2"},
				"up": {"uv": [8, 2.5, 7.5, 2], "texture": "#2"},
				"down": {"uv": [8, 2.5, 7.5, 3], "texture": "#2"}
			}
		},
		{
			"from": [4, 4, 8],
			"to": [5, 12, 9],
			"rotation": {"angle": 0, "axis": "y", "origin": [4, 6, 7]},
			"faces": {
				"north": {"uv": [0, 0, 0.5, 4], "texture": "#2"},
				"east": {"uv": [0.5, 0, 1, 4], "texture": "#2"},
				"south": {"uv": [1, 0, 1.5, 4], "texture": "#2"},
				"west": {"uv": [1.5, 0, 2, 4], "texture": "#2"},
				"up": {"uv": [8, 3.5, 7.5, 3], "texture": "#2"},
				"down": {"uv": [8, 3.5, 7.5, 4], "texture": "#2"}
			}
		},
		{
			"from": [5, 4, 8],
			"to": [6, 11, 9],
			"rotation": {"angle": 0, "axis": "y", "origin": [5, 5, 7]},
			"faces": {
				"north": {"uv": [2, 3.5, 2.5, 7], "texture": "#2"},
				"east": {"uv": [2.5, 3.5, 3, 7], "texture": "#2"},
				"south": {"uv": [3, 3.5, 3.5, 7], "texture": "#2"},
				"west": {"uv": [3.5, 3.5, 4, 7], "texture": "#2"},
				"up": {"uv": [8, 4.5, 7.5, 4], "texture": "#2"},
				"down": {"uv": [8, 4.5, 7.5, 5], "texture": "#2"}
			}
		},
		{
			"from": [6, 4, 8],
			"to": [7, 10, 9],
			"rotation": {"angle": 0, "axis": "y", "origin": [6, 4, 7]},
			"faces": {
				"north": {"uv": [1.5, 4, 2, 7], "texture": "#2"},
				"east": {"uv": [4, 3, 4.5, 6], "texture": "#2"},
				"south": {"uv": [4.5, 0, 5, 3], "texture": "#2"},
				"west": {"uv": [4.5, 3, 5, 6], "texture": "#2"},
				"up": {"uv": [8, 5.5, 7.5, 5], "texture": "#2"},
				"down": {"uv": [8, 5.5, 7.5, 6], "texture": "#2"}
			}
		},
		{
			"from": [7, 5, 8],
			"to": [8, 9, 9],
			"rotation": {"angle": 0, "axis": "y", "origin": [7, 4, 7]},
			"faces": {
				"north": {"uv": [5.5, 2, 6, 4], "texture": "#2"},
				"east": {"uv": [5.5, 4, 6, 6], "texture": "#2"},
				"south": {"uv": [6, 0, 6.5, 2], "texture": "#2"},
				"west": {"uv": [6, 2, 6.5, 4], "texture": "#2"},
				"up": {"uv": [8, 6.5, 7.5, 6], "texture": "#2"},
				"down": {"uv": [8, 6.5, 7.5, 7], "texture": "#2"}
			}
		},
		{
			"from": [8, 4, 8],
			"to": [9, 8, 9],
			"rotation": {"angle": 0, "axis": "y", "origin": [8, 3, 7]},
			"faces": {
				"north": {"uv": [4, 6, 4.5, 8], "texture": "#2"},
				"east": {"uv": [6, 4, 6.5, 6], "texture": "#2"},
				"south": {"uv": [4.5, 6, 5, 8], "texture": "#2"},
				"west": {"uv": [5, 6, 5.5, 8], "texture": "#2"},
				"up": {"uv": [7.5, 8, 7, 7.5], "texture": "#2"},
				"down": {"uv": [8, 7, 7.5, 7.5], "texture": "#2"}
			}
		},
		{
			"from": [9, 3, 8],
			"to": [10, 7, 9],
			"rotation": {"angle": 0, "axis": "y", "origin": [9, 2, 7]},
			"faces": {
				"north": {"uv": [5.5, 6, 6, 8], "texture": "#2"},
				"east": {"uv": [6, 6, 6.5, 8], "texture": "#2"},
				"south": {"uv": [6.5, 0, 7, 2], "texture": "#2"},
				"west": {"uv": [6.5, 2, 7, 4], "texture": "#2"},
				"up": {"uv": [8, 8, 7.5, 7.5], "texture": "#2"},
				"down": {"uv": [8.5, 0, 8, 0.5], "texture": "#2"}
			}
		},
		{
			"from": [10, 2, 8],
			"to": [11, 6, 9],
			"rotation": {"angle": 0, "axis": "y", "origin": [10, 1, 7]},
			"faces": {
				"north": {"uv": [6.5, 4, 7, 6], "texture": "#2"},
				"east": {"uv": [6.5, 6, 7, 8], "texture": "#2"},
				"south": {"uv": [0, 7, 0.5, 9], "texture": "#2"},
				"west": {"uv": [7, 0, 7.5, 2], "texture": "#2"},
				"up": {"uv": [8.5, 1, 8, 0.5], "texture": "#2"},
				"down": {"uv": [8.5, 1, 8, 1.5], "texture": "#2"}
			}
		},
		{
			"from": [11, 1, 8],
			"to": [12, 5, 9],
			"rotation": {"angle": 0, "axis": "y", "origin": [11, 0, 7]},
			"faces": {
				"north": {"uv": [0.5, 7, 1, 9], "texture": "#2"},
				"east": {"uv": [1, 7, 1.5, 9], "texture": "#2"},
				"south": {"uv": [1.5, 7, 2, 9], "texture": "#2"},
				"west": {"uv": [2, 7, 2.5, 9], "texture": "#2"},
				"up": {"uv": [8.5, 2, 8, 1.5], "texture": "#2"},
				"down": {"uv": [8.5, 2, 8, 2.5], "texture": "#2"}
			}
		},
		{
			"from": [12, 1, 8],
			"to": [13, 4, 9],
			"rotation": {"angle": 0, "axis": "y", "origin": [12, 0, 7]},
			"faces": {
				"north": {"uv": [7, 2, 7.5, 3.5], "texture": "#2"},
				"east": {"uv": [2.5, 7, 3, 8.5], "texture": "#2"},
				"south": {"uv": [3, 7, 3.5, 8.5], "texture": "#2"},
				"west": {"uv": [3.5, 7, 4, 8.5], "texture": "#2"},
				"up": {"uv": [8.5, 3, 8, 2.5], "texture": "#2"},
				"down": {"uv": [8.5, 3, 8, 3.5], "texture": "#2"}
			}
		},
		{
			"from": [13, 1, 8],
			"to": [14, 3, 9],
			"rotation": {"angle": 0, "axis": "y", "origin": [13, 0, 7]},
			"faces": {
				"north": {"uv": [7, 3.5, 7.5, 4.5], "texture": "#2"},
				"east": {"uv": [7, 4.5, 7.5, 5.5], "texture": "#2"},
				"south": {"uv": [7, 5.5, 7.5, 6.5], "texture": "#2"},
				"west": {"uv": [7, 6.5, 7.5, 7.5], "texture": "#2"},
				"up": {"uv": [8.5, 4, 8, 3.5], "texture": "#2"},
				"down": {"uv": [4.5, 8, 4, 8.5], "texture": "#2"}
			}
		}
	],
	"gui_light": "front",
	"display": {
		"thirdperson_righthand": {
			"rotation": [103, -90, 57],
			"translation": [0.5, 2, 1.25],
			"scale": [0.85, 0.85, 0.85]
		},
		"thirdperson_lefthand": {
			"rotation": [103, 90, -57],
			"translation": [-0.5, 2, 1.25],
			"scale": [0.85, 0.85, 0.85]
		},
		"firstperson_righthand": {
			"rotation": [0, -90, -15],
			"translation": [3.25, 1.5, 0]
		},
		"firstperson_lefthand": {
			"rotation": [0, 90, 15],
			"translation": [2.25, 1.5, 0]
		},
		"ground": {
			"translation": [0, -0.25, 0],
			"scale": [0.5, 0.5, 0.5]
		},
		"gui": {
			"translation": [1, 0, 0]
		},
		"head": {
			"rotation": [0, 180, 45],
			"translation": [-9, 2.75, 0.5]
		},
		"fixed": {
			"rotation": [0, 180, 0]
		}
	},
	"groups": [
		{
			"name": "group",
			"origin": [0, 0, 0],
			"color": 0,
			"children": []
		},
		{
			"name": "Knife",
			"origin": [13, 0, 0],
			"color": 0,
			"children": [0, 1, 2, 3, 4, 5, 6, 7, 8, 9, 10, 11, 12]
		}
	]
}