{
	"credit": "Made with Blockbench",
	"textures": {
		"layer0": "item/no_icon"
	},
	"elements": [
		{
			"from": [-1, -1, 7.5],
			"to": [17, 17, 8.5],
			"rotation": {"angle": 0, "axis": "y", "origin": [-1, -1, 7]},
			"faces": {
				"north": {"uv": [0, 0, 16, 16], "texture": "#layer0"},
				"east": {"uv": [0, 0, 1, 16], "texture": "#layer0"},
				"south": {"uv": [0, 0, 16, 16], "texture": "#layer0"},
				"west": {"uv": [0, 0, 1, 16], "texture": "#layer0"},
				"up": {"uv": [0, 0, 16, 1], "texture": "#layer0"},
				"down": {"uv": [0, 0, 16, 1], "texture": "#layer0"}
			}
		}
	],
	"gui_light": "front",
	"display": {
		"ground": {
			"translation": [0, 4.75, 0]
		},
		"head": {
			"translation": [0, 0, -6.5]
		}
	}
}