{
	"credit": "Made with Blockbench",
	"texture_size": [32, 32],
	"textures": {
		"1": "item/wooden_scythe"
	},
	"elements": [
		{
			"from": [1, 9, 8],
			"to": [2, 12, 9],
			"rotation": {"angle": 0, "axis": "y", "origin": [1, 9, 8]},
			"faces": {
				"north": {"uv": [8.5, 8, 9, 9.5], "texture": "#1"},
				"east": {"uv": [9, 0, 9.5, 1.5], "texture": "#1"},
				"south": {"uv": [9, 1.5, 9.5, 3], "texture": "#1"},
				"west": {"uv": [2, 9, 2.5, 10.5], "texture": "#1"},
				"up": {"uv": [9.5, 8.5, 9, 8], "texture": "#1"},
				"down": {"uv": [9.5, 8.5, 9, 9], "texture": "#1"}
			}
		},
		{
			"from": [2, 8, 8],
			"to": [3, 13, 9],
			"rotation": {"angle": 0, "axis": "y", "origin": [2, 9, 8]},
			"faces": {
				"north": {"uv": [5, 0, 5.5, 2.5], "texture": "#1"},
				"east": {"uv": [5, 2.5, 5.5, 5], "texture": "#1"},
				"south": {"uv": [5, 5, 5.5, 7.5], "texture": "#1"},
				"west": {"uv": [5.5, 0, 6, 2.5], "texture": "#1"},
				"up": {"uv": [9.5, 9.5, 9, 9], "texture": "#1"},
				"down": {"uv": [0.5, 9.5, 0, 10], "texture": "#1"}
			}
		},
		{
			"from": [3, 8, 8],
			"to": [4, 14, 9],
			"rotation": {"angle": 0, "axis": "y", "origin": [3, 9, 8]},
			"faces": {
				"north": {"uv": [4, 0, 4.5, 3], "texture": "#1"},
				"east": {"uv": [4, 3, 4.5, 6], "texture": "#1"},
				"south": {"uv": [4.5, 0, 5, 3], "texture": "#1"},
				"west": {"uv": [4.5, 3, 5, 6], "texture": "#1"},
				"up": {"uv": [10, 0.5, 9.5, 0], "texture": "#1"},
				"down": {"uv": [1, 9.5, 0.5, 10], "texture": "#1"}
			}
		},
		{
			"from": [4, 10, 8],
			"to": [5, 14, 9],
			"rotation": {"angle": 0, "axis": "y", "origin": [4, 11, 8]},
			"faces": {
				"north": {"uv": [3.5, 6.5, 4, 8.5], "texture": "#1"},
				"east": {"uv": [6.5, 5, 7, 7], "texture": "#1"},
				"south": {"uv": [7, 0, 7.5, 2], "texture": "#1"},
				"west": {"uv": [7, 2, 7.5, 4], "texture": "#1"},
				"up": {"uv": [10, 1, 9.5, 0.5], "texture": "#1"},
				"down": {"uv": [1.5, 9.5, 1, 10], "texture": "#1"}
			}
		},
		{
			"from": [5, 11, 8],
			"to": [6, 15, 9],
			"rotation": {"angle": 0, "axis": "y", "origin": [5, 12, 8]},
			"faces": {
				"north": {"uv": [7, 4, 7.5, 6], "texture": "#1"},
				"east": {"uv": [7, 6, 7.5, 8], "texture": "#1"},
				"south": {"uv": [6.5, 7, 7, 9], "texture": "#1"},
				"west": {"uv": [0, 7.5, 0.5, 9.5], "texture": "#1"},
				"up": {"uv": [10, 1.5, 9.5, 1], "texture": "#1"},
				"down": {"uv": [2, 9.5, 1.5, 10], "texture": "#1"}
			}
		},
		{
			"from": [6, 11, 8],
			"to": [7, 15, 9],
			"rotation": {"angle": 0, "axis": "y", "origin": [6, 12, 8]},
			"faces": {
				"north": {"uv": [7.5, 0, 8, 2], "texture": "#1"},
				"east": {"uv": [0.5, 7.5, 1, 9.5], "texture": "#1"},
				"south": {"uv": [1, 7.5, 1.5, 9.5], "texture": "#1"},
				"west": {"uv": [1.5, 7.5, 2, 9.5], "texture": "#1"},
				"up": {"uv": [10, 2, 9.5, 1.5], "texture": "#1"},
				"down": {"uv": [10, 2, 9.5, 2.5], "texture": "#1"}
			}
		},
		{
			"from": [7, 11, 8],
			"to": [8, 15, 9],
			"rotation": {"angle": 0, "axis": "y", "origin": [7, 12, 8]},
			"faces": {
				"north": {"uv": [7.5, 2, 8, 4], "texture": "#1"},
				"east": {"uv": [7.5, 4, 8, 6], "texture": "#1"},
				"south": {"uv": [5, 7.5, 5.5, 9.5], "texture": "#1"},
				"west": {"uv": [5.5, 7.5, 6, 9.5], "texture": "#1"},
				"up": {"uv": [10, 3, 9.5, 2.5], "texture": "#1"},
				"down": {"uv": [10, 3, 9.5, 3.5], "texture": "#1"}
			}
		},
		{
			"from": [8, 12, 8],
			"to": [9, 16, 9],
			"rotation": {"angle": 0, "axis": "y", "origin": [8, 13, 8]},
			"faces": {
				"north": {"uv": [6, 7.5, 6.5, 9.5], "texture": "#1"},
				"east": {"uv": [7.5, 6, 8, 8], "texture": "#1"},
				"south": {"uv": [8, 0, 8.5, 2], "texture": "#1"},
				"west": {"uv": [8, 2, 8.5, 4], "texture": "#1"},
				"up": {"uv": [10, 4, 9.5, 3.5], "texture": "#1"},
				"down": {"uv": [10, 4, 9.5, 4.5], "texture": "#1"}
			}
		},
		{
			"from": [9, 12, 8],
			"to": [10, 16, 9],
			"rotation": {"angle": 0, "axis": "y", "origin": [9, 13, 8]},
			"faces": {
				"north": {"uv": [8, 4, 8.5, 6], "texture": "#1"},
				"east": {"uv": [8, 6, 8.5, 8], "texture": "#1"},
				"south": {"uv": [7, 8, 7.5, 10], "texture": "#1"},
				"west": {"uv": [7.5, 8, 8, 10], "texture": "#1"},
				"up": {"uv": [10, 5, 9.5, 4.5], "texture": "#1"},
				"down": {"uv": [5.5, 9.5, 5, 10], "texture": "#1"}
			}
		},
		{
			"from": [10, 12, 8],
			"to": [11, 16, 9],
			"rotation": {"angle": 0, "axis": "y", "origin": [10, 13, 8]},
			"faces": {
				"north": {"uv": [8, 8, 8.5, 10], "texture": "#1"},
				"east": {"uv": [8.5, 0, 9, 2], "texture": "#1"},
				"south": {"uv": [8.5, 2, 9, 4], "texture": "#1"},
				"west": {"uv": [3.5, 8.5, 4, 10.5], "texture": "#1"},
				"up": {"uv": [10, 5.5, 9.5, 5], "texture": "#1"},
				"down": {"uv": [6, 9.5, 5.5, 10], "texture": "#1"}
			}
		},
		{
			"from": [11, 11, 8],
			"to": [12, 16, 9],
			"rotation": {"angle": 0, "axis": "y", "origin": [11, 13, 8]},
			"faces": {
				"north": {"uv": [5.5, 2.5, 6, 5], "texture": "#1"},
				"east": {"uv": [5.5, 5, 6, 7.5], "texture": "#1"},
				"south": {"uv": [6, 0, 6.5, 2.5], "texture": "#1"},
				"west": {"uv": [6, 2.5, 6.5, 5], "texture": "#1"},
				"up": {"uv": [10, 6, 9.5, 5.5], "texture": "#1"},
				"down": {"uv": [6.5, 9.5, 6, 10], "texture": "#1"}
			}
		},
		{
			"from": [12, 2, 8],
			"to": [13, 15, 9],
			"rotation": {"angle": 0, "axis": "y", "origin": [12, 12, 8]},
			"faces": {
				"north": {"uv": [2, 0, 2.5, 6.5], "texture": "#1"},
				"east": {"uv": [2.5, 0, 3, 6.5], "texture": "#1"},
				"south": {"uv": [3, 0, 3.5, 6.5], "texture": "#1"},
				"west": {"uv": [3.5, 0, 4, 6.5], "texture": "#1"},
				"up": {"uv": [10, 6.5, 9.5, 6], "texture": "#1"},
				"down": {"uv": [10, 6.5, 9.5, 7], "texture": "#1"}
			}
		},
		{
			"from": [13, 0, 8],
			"to": [14, 15, 9],
			"rotation": {"angle": 0, "axis": "y", "origin": [13, 12, 8]},
			"faces": {
				"north": {"uv": [0, 0, 0.5, 7.5], "texture": "#1"},
				"east": {"uv": [0.5, 0, 1, 7.5], "texture": "#1"},
				"south": {"uv": [1, 0, 1.5, 7.5], "texture": "#1"},
				"west": {"uv": [1.5, 0, 2, 7.5], "texture": "#1"},
				"up": {"uv": [10, 7.5, 9.5, 7], "texture": "#1"},
				"down": {"uv": [10, 7.5, 9.5, 8], "texture": "#1"}
			}
		},
		{
			"from": [14, 9, 8],
			"to": [15, 14, 9],
			"rotation": {"angle": 0, "axis": "y", "origin": [14, 11, 8]},
			"faces": {
				"north": {"uv": [4, 6, 4.5, 8.5], "texture": "#1"},
				"east": {"uv": [4.5, 6, 5, 8.5], "texture": "#1"},
				"south": {"uv": [6, 5, 6.5, 7.5], "texture": "#1"},
				"west": {"uv": [6.5, 0, 7, 2.5], "texture": "#1"},
				"up": {"uv": [10, 8.5, 9.5, 8], "texture": "#1"},
				"down": {"uv": [9, 9.5, 8.5, 10], "texture": "#1"}
			}
		},
		{
			"from": [15, 11, 8],
			"to": [16, 13, 9],
			"rotation": {"angle": 0, "axis": "y", "origin": [15, 11, 8]},
			"faces": {
				"north": {"uv": [2.5, 9, 3, 10], "texture": "#1"},
				"east": {"uv": [3, 9, 3.5, 10], "texture": "#1"},
				"south": {"uv": [9, 3, 9.5, 4], "texture": "#1"},
				"west": {"uv": [9, 4, 9.5, 5], "texture": "#1"},
				"up": {"uv": [10, 9, 9.5, 8.5], "texture": "#1"},
				"down": {"uv": [9.5, 9.5, 9, 10], "texture": "#1"}
			}
		},
		{
			"from": [11, 4, 8],
			"to": [12, 9, 9],
			"rotation": {"angle": 0, "axis": "y", "origin": [11, 6, 8]},
			"faces": {
				"north": {"uv": [2, 6.5, 2.5, 9], "texture": "#1"},
				"east": {"uv": [2.5, 6.5, 3, 9], "texture": "#1"},
				"south": {"uv": [6.5, 2.5, 7, 5], "texture": "#1"},
				"west": {"uv": [3, 6.5, 3.5, 9], "texture": "#1"},
				"up": {"uv": [10, 9.5, 9.5, 9], "texture": "#1"},
				"down": {"uv": [10, 9.5, 9.5, 10], "texture": "#1"}
			}
		},
		{
			"from": [14, 0, 8],
			"to": [15, 4, 9],
			"rotation": {"angle": 0, "axis": "y", "origin": [14, 1, 8]},
			"faces": {
				"north": {"uv": [4, 8.5, 4.5, 10.5], "texture": "#1"},
				"east": {"uv": [8.5, 4, 9, 6], "texture": "#1"},
				"south": {"uv": [4.5, 8.5, 5, 10.5], "texture": "#1"},
				"west": {"uv": [8.5, 6, 9, 8], "texture": "#1"},
				"up": {"uv": [0.5, 10.5, 0, 10], "texture": "#1"},
				"down": {"uv": [10.5, 0, 10, 0.5], "texture": "#1"}
			}
		},
		{
			"from": [15, 0, 8],
			"to": [16, 2, 9],
			"rotation": {"angle": 0, "axis": "y", "origin": [15, 1, 8]},
			"faces": {
				"north": {"uv": [9, 5, 9.5, 6], "texture": "#1"},
				"east": {"uv": [9, 6, 9.5, 7], "texture": "#1"},
				"south": {"uv": [6.5, 9, 7, 10], "texture": "#1"},
				"west": {"uv": [9, 7, 9.5, 8], "texture": "#1"},
				"up": {"uv": [1, 10.5, 0.5, 10], "texture": "#1"},
				"down": {"uv": [10.5, 0.5, 10, 1], "texture": "#1"}
			}
		}
	],
	"gui_light": "front",
	"display": {
		"thirdperson_righthand": {
			"rotation": [55, -90, 55],
			"translation": [0.5, 0.5, -4.5],
			"scale": [0.85, 0.85, 0.85]
		},
		"thirdperson_lefthand": {
			"rotation": [55, 90, -55],
			"translation": [-0.5, 0.5, -4.5],
			"scale": [0.85, 0.85, 0.85]
		},
		"firstperson_righthand": {
			"rotation": [10, -90, 25],
			"translation": [1.25, 3, 0],
			"scale": [0.6, 0.6, 0.6]
		},
		"firstperson_lefthand": {
			"rotation": [10, 90, -25],
			"translation": [0.6, 3, 0],
			"scale": [0.6, 0.6, 0.6]
		},
		"ground": {
			"translation": [0, 2, 0],
			"scale": [0.5, 0.5, 0.5]
		},
		"gui": {
			"rotation": [0, -1, 0]
		},
		"head": {
			"rotation": [0, 0, 123],
			"translation": [-1, 8.75, 0]
		},
		"fixed": {
			"rotation": [0, 180, 0]
		}
	},
	"groups": [
		{
			"name": "Design",
			"origin": [0, 0, 0],
			"color": 0,
			"children": []
		},
		{
			"name": "Scythe",
			"origin": [15, 1, 0],
			"color": 0,
			"children": [0, 1, 2, 3, 4, 5, 6, 7, 8, 9, 10, 11, 12, 13, 14, 15, 16, 17]
		}
	]
}