{
  "parent": "minecraft:item/generated",
  "textures": {
    "layer0": "minecraft:item/wooden_sword"
  },
  "overrides": [
    {
      "predicate": {
        "custom_model_data": 1
      },
      "model": "minecraft:item/wooden_scythe"
    },
    {
      "predicate": {
        "custom_model_data": 2
      },
      "model": "minecraft:item/stone_scythe"
    },
    {
      "predicate": {
        "custom_model_data": 3
      },
      "model": "minecraft:item/iron_scythe"
    },
    {
      "predicate": {
        "custom_model_data": 4
      },
      "model": "minecraft:item/gold_scythe"
    },
    {
      "predicate": {
        "custom_model_data": 5
      },
      "model": "minecraft:item/diamond_scythe"
    },
    {
      "predicate": {
        "custom_model_data": 6
      },
      "model": "minecraft:item/netherite_scythe"
    },
    {
      "predicate": {
        "custom_model_data": 7
      },
      "model": "minecraft:item/netherite_knife"
    },
    {
      "predicate": {
        "custom_model_data": 8
      },
      "model": "minecraft:item/real_knife"
    },
    {
      "predicate": {
        "custom_model_data": 9
      },
      "model": "minecraft:item/moonlight_scythe"
    },
  ]
}
