{
	"credit": "Made with Blockbench",
	"texture_size": [32, 32],
	"textures": {
		"0": "item/yskel_scythe",
		"particle": "item/yskel_scythe"
	},
	"elements": [
		{
			"from": [-0.5, 17, 7.5],
			"to": [0.5, 26.6, 8.5],
			"rotation": {"angle": 0, "axis": "y", "origin": [-1, 17, 7]},
			"faces": {
				"north": {"uv": [5, 5.5, 5.5, 10.5], "texture": "#0"},
				"east": {"uv": [5.5, 5.5, 6, 10.5], "texture": "#0"},
				"south": {"uv": [6, 5.5, 6.5, 10.5], "texture": "#0"},
				"west": {"uv": [0, 6.5, 0.5, 11.5], "texture": "#0"},
				"up": {"uv": [11.5, 13.5, 11, 13], "texture": "#0"},
				"down": {"uv": [13.5, 11, 13, 11.5], "texture": "#0"}
			}
		},
		{
			"from": [-1.9, 7.5, 7.5],
			"to": [-0.9, 17.2, 8.5],
			"rotation": {"angle": -22.5, "axis": "z", "origin": [-1.4, 13.4, 8]},
			"faces": {
				"north": {"uv": [0.5, 6.5, 1, 11.5], "texture": "#0"},
				"east": {"uv": [1, 6.5, 1.5, 11.5], "texture": "#0"},
				"south": {"uv": [1.5, 6.5, 2, 11.5], "texture": "#0"},
				"west": {"uv": [2, 6.5, 2.5, 11.5], "texture": "#0"},
				"up": {"uv": [12, 13.5, 11.5, 13], "texture": "#0"},
				"down": {"uv": [13.5, 11.5, 13, 12], "texture": "#0"}
			}
		},
		{
			"from": [-0.8, 26.6, 7.2],
			"to": [0.8, 27, 8.8],
			"rotation": {"angle": 0, "axis": "y", "origin": [-1.5, 23.6, 6.5]},
			"faces": {
				"north": {"uv": [9, 3.5, 10, 4], "texture": "#0"},
				"east": {"uv": [11, 8.5, 12, 9], "texture": "#0"},
				"south": {"uv": [0.5, 11.5, 1.5, 12], "texture": "#0"},
				"west": {"uv": [11.5, 1, 12.5, 1.5], "texture": "#0"},
				"up": {"uv": [9.5, 10, 8.5, 9], "texture": "#0"},
				"down": {"uv": [7.5, 9.5, 6.5, 10.5], "texture": "#0"}
			}
		},
		{
			"from": [-1.4, 27, 7.1],
			"to": [1.5, 30.7, 8.9],
			"rotation": {"angle": 0, "axis": "y", "origin": [-1.5, 24.6, 6.5]},
			"faces": {
				"north": {"uv": [0, 0, 1.5, 2], "texture": "#0"},
				"east": {"uv": [2.5, 6.5, 3.5, 8.5], "texture": "#0"},
				"south": {"uv": [1.5, 0, 3, 2], "texture": "#0"},
				"west": {"uv": [3.5, 6.5, 4.5, 8.5], "texture": "#0"},
				"up": {"uv": [10, 6.5, 8.5, 5.5], "texture": "#0"},
				"down": {"uv": [10, 6.5, 8.5, 7.5], "texture": "#0"}
			}
		},
		{
			"from": [1.5, 28.1, 7.3],
			"to": [7.1, 30.4, 8.7],
			"rotation": {"angle": 0, "axis": "y", "origin": [1.4, 24.3, 6.5]},
			"faces": {
				"north": {"uv": [0, 2, 3, 3], "texture": "#0"},
				"east": {"uv": [5.5, 11.5, 6, 12.5], "texture": "#0"},
				"south": {"uv": [0, 3, 3, 4], "texture": "#0"},
				"west": {"uv": [11.5, 5.5, 12, 6.5], "texture": "#0"},
				"up": {"uv": [11.5, 8, 8.5, 7.5], "texture": "#0"},
				"down": {"uv": [11.5, 8, 8.5, 8.5], "texture": "#0"}
			}
		},
		{
			"from": [-3.5, 28.1, 7.3],
			"to": [1.1, 30.4, 8.7],
			"rotation": {"angle": 0, "axis": "y", "origin": [-4.6, 24.3, 6.5]},
			"faces": {
				"north": {"uv": [0, 5.5, 2.5, 6.5], "texture": "#0"},
				"east": {"uv": [0.5, 12, 1, 13], "texture": "#0"},
				"south": {"uv": [2.5, 5.5, 5, 6.5], "texture": "#0"},
				"west": {"uv": [1, 12, 1.5, 13], "texture": "#0"},
				"up": {"uv": [11, 9, 8.5, 8.5], "texture": "#0"},
				"down": {"uv": [11.5, 3, 9, 3.5], "texture": "#0"}
			}
		},
		{
			"from": [-4.6, 28.3, 7.32],
			"to": [-3.1, 30.6, 8.68],
			"rotation": {"angle": 22.5, "axis": "z", "origin": [-2.8, 29.45, 8]},
			"faces": {
				"north": {"uv": [3.5, 10.5, 4.5, 11.5], "texture": "#0"},
				"east": {"uv": [1.5, 12, 2, 13], "texture": "#0"},
				"south": {"uv": [10.5, 3.5, 11.5, 4.5], "texture": "#0"},
				"west": {"uv": [2, 12, 2.5, 13], "texture": "#0"},
				"up": {"uv": [12.5, 11.5, 11.5, 11], "texture": "#0"},
				"down": {"uv": [13, 2, 12, 2.5], "texture": "#0"}
			}
		},
		{
			"from": [-5.9, 28.8, 7.31],
			"to": [-4.2, 31.1, 8.69],
			"rotation": {"angle": 22.5, "axis": "z", "origin": [-4.1, 29.95, 8]},
			"faces": {
				"north": {"uv": [4.5, 10.5, 5.5, 11.5], "texture": "#0"},
				"east": {"uv": [12, 5.5, 12.5, 6.5], "texture": "#0"},
				"south": {"uv": [10.5, 4.5, 11.5, 5.5], "texture": "#0"},
				"west": {"uv": [7, 12, 7.5, 13], "texture": "#0"},
				"up": {"uv": [13, 3, 12, 2.5], "texture": "#0"},
				"down": {"uv": [13, 7, 12, 7.5], "texture": "#0"}
			}
		},
		{
			"from": [-5, 27.5, 7.3],
			"to": [-3.6, 29.8, 8.7],
			"rotation": {"angle": -22.5, "axis": "z", "origin": [-3.3, 28.65, 8]},
			"faces": {
				"north": {"uv": [2.5, 12, 3, 13], "texture": "#0"},
				"east": {"uv": [3, 12, 3.5, 13], "texture": "#0"},
				"south": {"uv": [12, 3.5, 12.5, 4.5], "texture": "#0"},
				"west": {"uv": [12, 4.5, 12.5, 5.5], "texture": "#0"},
				"up": {"uv": [9.5, 13.5, 9, 13], "texture": "#0"},
				"down": {"uv": [13.5, 9, 13, 9.5], "texture": "#0"}
			}
		},
		{
			"from": [-6.3, 29.7, 7.29],
			"to": [-5.1, 31, 8.71],
			"rotation": {"angle": -22.5, "axis": "z", "origin": [-4.8, 29.85, 8]},
			"faces": {
				"north": {"uv": [9.5, 13, 10, 13.5], "texture": "#0"},
				"east": {"uv": [13, 9.5, 13.5, 10], "texture": "#0"},
				"south": {"uv": [10, 13, 10.5, 13.5], "texture": "#0"},
				"west": {"uv": [13, 10, 13.5, 10.5], "texture": "#0"},
				"up": {"uv": [11, 13.5, 10.5, 13], "texture": "#0"},
				"down": {"uv": [13.5, 10.5, 13, 11], "texture": "#0"}
			}
		},
		{
			"from": [11.5, 24.6, 7.3],
			"to": [15.1, 26.9, 8.7],
			"rotation": {"angle": -45, "axis": "z", "origin": [13.5, 25.75, 8]},
			"faces": {
				"north": {"uv": [6, 4, 8, 5], "texture": "#0"},
				"east": {"uv": [11.5, 7, 12, 8], "texture": "#0"},
				"south": {"uv": [8, 4, 10, 5], "texture": "#0"},
				"west": {"uv": [8, 11.5, 8.5, 12.5], "texture": "#0"},
				"up": {"uv": [12.5, 0.5, 10.5, 0], "texture": "#0"},
				"down": {"uv": [12.5, 0.5, 10.5, 1], "texture": "#0"}
			}
		},
		{
			"from": [3.3, 29.7, 7.29],
			"to": [13.3, 31.1, 8.71],
			"rotation": {"angle": -22.5, "axis": "z", "origin": [5.3, 30.4, 8]},
			"faces": {
				"north": {"uv": [0, 5, 5, 5.5], "texture": "#0"},
				"east": {"uv": [7.5, 13, 8, 13.5], "texture": "#0"},
				"south": {"uv": [5, 0, 10, 0.5], "texture": "#0"},
				"west": {"uv": [13, 7.5, 13.5, 8], "texture": "#0"},
				"up": {"uv": [10, 1, 5, 0.5], "texture": "#0"},
				"down": {"uv": [10, 1, 5, 1.5], "texture": "#0"}
			}
		},
		{
			"from": [13.87164, 23.65195, 7.28],
			"to": [15.47164, 25.45195, 8.72],
			"rotation": {"angle": 0, "axis": "y", "origin": [14.77164, 19.45195, 8]},
			"faces": {
				"north": {"uv": [10.5, 1, 11.5, 2], "texture": "#0"},
				"east": {"uv": [11.5, 9, 12, 10], "texture": "#0"},
				"south": {"uv": [2.5, 10.5, 3.5, 11.5], "texture": "#0"},
				"west": {"uv": [11.5, 10, 12, 11], "texture": "#0"},
				"up": {"uv": [12.5, 8.5, 11.5, 8], "texture": "#0"},
				"down": {"uv": [12, 11.5, 11, 12], "texture": "#0"}
			}
		},
		{
			"from": [3.3, 28.2, 7.29],
			"to": [13.3, 29.6, 8.71],
			"rotation": {"angle": -22.5, "axis": "z", "origin": [5.3, 28.9, 8]},
			"faces": {
				"north": {"uv": [5, 1.5, 10, 2], "texture": "#0"},
				"east": {"uv": [8, 13, 8.5, 13.5], "texture": "#0"},
				"south": {"uv": [5, 2, 10, 2.5], "texture": "#0"},
				"west": {"uv": [13, 8, 13.5, 8.5], "texture": "#0"},
				"up": {"uv": [10, 3, 5, 2.5], "texture": "#0"},
				"down": {"uv": [10, 5, 5, 5.5], "texture": "#0"}
			}
		},
		{
			"from": [3.3, 27.175, 7.29],
			"to": [14.9, 28.125, 8.71],
			"rotation": {"angle": -22.5, "axis": "z", "origin": [5.3, 27.9, 8]},
			"faces": {
				"north": {"uv": [3, 3, 9, 3.5], "texture": "#0"},
				"east": {"uv": [8.5, 13, 9, 13.5], "texture": "#0"},
				"south": {"uv": [3, 3.5, 9, 4], "texture": "#0"},
				"west": {"uv": [13, 8.5, 13.5, 9], "texture": "#0"},
				"up": {"uv": [6, 4.5, 0, 4], "texture": "#0"},
				"down": {"uv": [6, 4.5, 0, 5], "texture": "#0"}
			}
		},
		{
			"from": [1.94586, 27.02684, 7.31],
			"to": [5.94586, 29.72684, 8.69],
			"rotation": {"angle": -45, "axis": "z", "origin": [3.94586, 28.17684, 8]},
			"faces": {
				"north": {"uv": [3, 0, 5, 1.5], "texture": "#0"},
				"east": {"uv": [11, 10, 11.5, 11.5], "texture": "#0"},
				"south": {"uv": [3, 1.5, 5, 3], "texture": "#0"},
				"west": {"uv": [0, 11.5, 0.5, 13], "texture": "#0"},
				"up": {"uv": [12, 2.5, 10, 2], "texture": "#0"},
				"down": {"uv": [12, 2.5, 10, 3], "texture": "#0"}
			}
		},
		{
			"from": [2.64586, 28.42684, 7.31],
			"to": [5.04586, 30.72684, 8.69],
			"rotation": {"angle": 45, "axis": "z", "origin": [3.04586, 29.57684, 8]},
			"faces": {
				"north": {"uv": [9, 10, 10, 11], "texture": "#0"},
				"east": {"uv": [6, 11.5, 6.5, 12.5], "texture": "#0"},
				"south": {"uv": [10, 10, 11, 11], "texture": "#0"},
				"west": {"uv": [6.5, 11.5, 7, 12.5], "texture": "#0"},
				"up": {"uv": [12.5, 7, 11.5, 6.5], "texture": "#0"},
				"down": {"uv": [8, 11.5, 7, 12], "texture": "#0"}
			}
		},
		{
			"from": [0.4, 26.9, 6.9],
			"to": [1.2, 31, 9],
			"rotation": {"angle": 22.5, "axis": "z", "origin": [0.8, 28.95, 7.95]},
			"faces": {
				"north": {"uv": [4.5, 6.5, 5, 8.5], "texture": "#0"},
				"east": {"uv": [6.5, 5.5, 7.5, 7.5], "texture": "#0"},
				"south": {"uv": [4.5, 8.5, 5, 10.5], "texture": "#0"},
				"west": {"uv": [7.5, 5.5, 8.5, 7.5], "texture": "#0"},
				"up": {"uv": [4, 12.5, 3.5, 11.5], "texture": "#0"},
				"down": {"uv": [12, 3.5, 11.5, 4.5], "texture": "#0"}
			}
		},
		{
			"from": [-0.6, 26.9, 6.9],
			"to": [0.2, 31, 9],
			"rotation": {"angle": 22.5, "axis": "z", "origin": [-0.2, 28.95, 7.95]},
			"faces": {
				"north": {"uv": [10, 0, 10.5, 2], "texture": "#0"},
				"east": {"uv": [6.5, 7.5, 7.5, 9.5], "texture": "#0"},
				"south": {"uv": [10, 3.5, 10.5, 5.5], "texture": "#0"},
				"west": {"uv": [7.5, 7.5, 8.5, 9.5], "texture": "#0"},
				"up": {"uv": [4.5, 12.5, 4, 11.5], "texture": "#0"},
				"down": {"uv": [5, 11.5, 4.5, 12.5], "texture": "#0"}
			}
		},
		{
			"from": [-0.6, 26.9, 6.8],
			"to": [0.2, 31, 9.2],
			"rotation": {"angle": -22.5, "axis": "z", "origin": [-0.2, 28.95, 7.95]},
			"faces": {
				"north": {"uv": [10, 5.5, 10.5, 7.5], "texture": "#0"},
				"east": {"uv": [2.5, 8.5, 3.5, 10.5], "texture": "#0"},
				"south": {"uv": [8.5, 10, 9, 12], "texture": "#0"},
				"west": {"uv": [3.5, 8.5, 4.5, 10.5], "texture": "#0"},
				"up": {"uv": [12, 5.5, 11.5, 4.5], "texture": "#0"},
				"down": {"uv": [5.5, 11.5, 5, 12.5], "texture": "#0"}
			}
		},
		{
			"from": [-0.8, 16.6, 7.2],
			"to": [0.8, 17, 8.8],
			"rotation": {"angle": 0, "axis": "y", "origin": [-1.5, 13.6, 6.5]},
			"faces": {
				"north": {"uv": [1.5, 11.5, 2.5, 12], "texture": "#0"},
				"east": {"uv": [11.5, 1.5, 12.5, 2], "texture": "#0"},
				"south": {"uv": [2.5, 11.5, 3.5, 12], "texture": "#0"},
				"west": {"uv": [11.5, 3, 12.5, 3.5], "texture": "#0"},
				"up": {"uv": [8.5, 10.5, 7.5, 9.5], "texture": "#0"},
				"down": {"uv": [10.5, 9, 9.5, 10], "texture": "#0"}
			}
		},
		{
			"from": [-4.1, 8.5, 7.2],
			"to": [-2.5, 8.9, 8.8],
			"rotation": {"angle": -22.5, "axis": "z", "origin": [-3.3, 8.7, 8]},
			"faces": {
				"north": {"uv": [12, 7.5, 13, 8], "texture": "#0"},
				"east": {"uv": [8.5, 12, 9.5, 12.5], "texture": "#0"},
				"south": {"uv": [12, 8.5, 13, 9], "texture": "#0"},
				"west": {"uv": [12, 9, 13, 9.5], "texture": "#0"},
				"up": {"uv": [6.5, 11.5, 5.5, 10.5], "texture": "#0"},
				"down": {"uv": [11.5, 5.5, 10.5, 6.5], "texture": "#0"}
			}
		},
		{
			"from": [-4.5, 7.7, 7.2],
			"to": [-2.9, 8.1, 8.8],
			"rotation": {"angle": -22.5, "axis": "z", "origin": [-3.7, 7.9, 8]},
			"faces": {
				"north": {"uv": [12.5, 0.5, 13.5, 1], "texture": "#0"},
				"east": {"uv": [12.5, 1, 13.5, 1.5], "texture": "#0"},
				"south": {"uv": [12.5, 1.5, 13.5, 2], "texture": "#0"},
				"west": {"uv": [12.5, 3, 13.5, 3.5], "texture": "#0"},
				"up": {"uv": [10, 12, 9, 11], "texture": "#0"},
				"down": {"uv": [11, 11, 10, 12], "texture": "#0"}
			}
		},
		{
			"from": [-4, 9.1, 7.2],
			"to": [-2.4, 9.5, 8.8],
			"rotation": {"angle": 0, "axis": "y", "origin": [-3.2, 9.3, 8]},
			"faces": {
				"north": {"uv": [9.5, 12, 10.5, 12.5], "texture": "#0"},
				"east": {"uv": [12, 9.5, 13, 10], "texture": "#0"},
				"south": {"uv": [12, 10, 13, 10.5], "texture": "#0"},
				"west": {"uv": [10.5, 12, 11.5, 12.5], "texture": "#0"},
				"up": {"uv": [7.5, 11.5, 6.5, 10.5], "texture": "#0"},
				"down": {"uv": [11.5, 6.5, 10.5, 7.5], "texture": "#0"}
			}
		},
		{
			"from": [-4, 9, 7],
			"to": [-2.3, 9.4, 8.9],
			"rotation": {"angle": -45, "axis": "z", "origin": [-3.1, 9.2, 8]},
			"faces": {
				"north": {"uv": [12, 10.5, 13, 11], "texture": "#0"},
				"east": {"uv": [11.5, 12, 12.5, 12.5], "texture": "#0"},
				"south": {"uv": [12, 11.5, 13, 12], "texture": "#0"},
				"west": {"uv": [12.5, 0, 13.5, 0.5], "texture": "#0"},
				"up": {"uv": [8.5, 11.5, 7.5, 10.5], "texture": "#0"},
				"down": {"uv": [11.5, 9, 10.5, 10], "texture": "#0"}
			}
		},
		{
			"from": [-0.7, 18, 6.1],
			"to": [0.7, 18.8, 7.5],
			"rotation": {"angle": 22.5, "axis": "x", "origin": [-1.5, 15, 5.3]},
			"faces": {
				"north": {"uv": [7.5, 12, 8, 12.5], "texture": "#0"},
				"east": {"uv": [3.5, 12.5, 4, 13], "texture": "#0"},
				"south": {"uv": [12.5, 3.5, 13, 4], "texture": "#0"},
				"west": {"uv": [4, 12.5, 4.5, 13], "texture": "#0"},
				"up": {"uv": [13, 4.5, 12.5, 4], "texture": "#0"},
				"down": {"uv": [5, 12.5, 4.5, 13], "texture": "#0"}
			}
		},
		{
			"from": [-0.7, 21, 6.1],
			"to": [0.7, 21.8, 7.5],
			"rotation": {"angle": 22.5, "axis": "x", "origin": [-1.5, 18, 5.3]},
			"faces": {
				"north": {"uv": [6, 13, 6.5, 13.5], "texture": "#0"},
				"east": {"uv": [13, 6, 13.5, 6.5], "texture": "#0"},
				"south": {"uv": [6.5, 13, 7, 13.5], "texture": "#0"},
				"west": {"uv": [13, 6.5, 13.5, 7], "texture": "#0"},
				"up": {"uv": [7.5, 13.5, 7, 13], "texture": "#0"},
				"down": {"uv": [13.5, 7, 13, 7.5], "texture": "#0"}
			}
		},
		{
			"from": [-0.7, 23, 6.1],
			"to": [0.7, 23.8, 7.5],
			"rotation": {"angle": 22.5, "axis": "x", "origin": [-1.5, 20, 5.3]},
			"faces": {
				"north": {"uv": [12.5, 4.5, 13, 5], "texture": "#0"},
				"east": {"uv": [5, 12.5, 5.5, 13], "texture": "#0"},
				"south": {"uv": [12.5, 5, 13, 5.5], "texture": "#0"},
				"west": {"uv": [5.5, 12.5, 6, 13], "texture": "#0"},
				"up": {"uv": [13, 6, 12.5, 5.5], "texture": "#0"},
				"down": {"uv": [6.5, 12.5, 6, 13], "texture": "#0"}
			}
		},
		{
			"from": [-0.7, 26, 6.1],
			"to": [0.7, 26.8, 7.5],
			"rotation": {"angle": 22.5, "axis": "x", "origin": [-1.5, 23, 5.3]},
			"faces": {
				"north": {"uv": [12.5, 6, 13, 6.5], "texture": "#0"},
				"east": {"uv": [6.5, 12.5, 7, 13], "texture": "#0"},
				"south": {"uv": [12.5, 6.5, 13, 7], "texture": "#0"},
				"west": {"uv": [7.5, 12.5, 8, 13], "texture": "#0"},
				"up": {"uv": [8.5, 13, 8, 12.5], "texture": "#0"},
				"down": {"uv": [13, 8, 12.5, 8.5], "texture": "#0"}
			}
		},
		{
			"from": [-0.6, 18.16717, 7.38694],
			"to": [0.8, 18.96717, 8.78694],
			"rotation": {"angle": -22.5, "axis": "x", "origin": [0.1, 18.56717, 8.08694]},
			"faces": {
				"north": {"uv": [8.5, 12.5, 9, 13], "texture": "#0"},
				"east": {"uv": [9, 12.5, 9.5, 13], "texture": "#0"},
				"south": {"uv": [9.5, 12.5, 10, 13], "texture": "#0"},
				"west": {"uv": [10, 12.5, 10.5, 13], "texture": "#0"},
				"up": {"uv": [11, 13, 10.5, 12.5], "texture": "#0"},
				"down": {"uv": [11.5, 12.5, 11, 13], "texture": "#0"}
			}
		},
		{
			"from": [-0.6, 24.16717, 7.38694],
			"to": [0.8, 24.96717, 8.78694],
			"rotation": {"angle": -22.5, "axis": "x", "origin": [0.1, 24.56717, 8.08694]},
			"faces": {
				"north": {"uv": [12.5, 11, 13, 11.5], "texture": "#0"},
				"east": {"uv": [11.5, 12.5, 12, 13], "texture": "#0"},
				"south": {"uv": [12, 12.5, 12.5, 13], "texture": "#0"},
				"west": {"uv": [12.5, 12, 13, 12.5], "texture": "#0"},
				"up": {"uv": [13, 13, 12.5, 12.5], "texture": "#0"},
				"down": {"uv": [0.5, 13, 0, 13.5], "texture": "#0"}
			}
		},
		{
			"from": [-0.7, 19.16717, 7.38694],
			"to": [0.7, 19.96717, 8.78694],
			"rotation": {"angle": 22.5, "axis": "z", "origin": [0, 19.56717, 8.08694]},
			"faces": {
				"north": {"uv": [0.5, 13, 1, 13.5], "texture": "#0"},
				"east": {"uv": [1, 13, 1.5, 13.5], "texture": "#0"},
				"south": {"uv": [1.5, 13, 2, 13.5], "texture": "#0"},
				"west": {"uv": [2, 13, 2.5, 13.5], "texture": "#0"},
				"up": {"uv": [13.5, 2.5, 13, 2], "texture": "#0"},
				"down": {"uv": [3, 13, 2.5, 13.5], "texture": "#0"}
			}
		},
		{
			"from": [-0.7, 23.16717, 7.38694],
			"to": [0.7, 23.96717, 8.78694],
			"rotation": {"angle": 22.5, "axis": "z", "origin": [0, 23.56717, 8.08694]},
			"faces": {
				"north": {"uv": [13, 2.5, 13.5, 3], "texture": "#0"},
				"east": {"uv": [3, 13, 3.5, 13.5], "texture": "#0"},
				"south": {"uv": [3.5, 13, 4, 13.5], "texture": "#0"},
				"west": {"uv": [13, 3.5, 13.5, 4], "texture": "#0"},
				"up": {"uv": [4.5, 13.5, 4, 13], "texture": "#0"},
				"down": {"uv": [13.5, 4, 13, 4.5], "texture": "#0"}
			}
		},
		{
			"from": [-0.7, 21.16717, 7.38694],
			"to": [0.7, 21.96717, 8.78694],
			"rotation": {"angle": 22.5, "axis": "z", "origin": [0, 21.56717, 8.08694]},
			"faces": {
				"north": {"uv": [4.5, 13, 5, 13.5], "texture": "#0"},
				"east": {"uv": [13, 4.5, 13.5, 5], "texture": "#0"},
				"south": {"uv": [5, 13, 5.5, 13.5], "texture": "#0"},
				"west": {"uv": [13, 5, 13.5, 5.5], "texture": "#0"},
				"up": {"uv": [6, 13.5, 5.5, 13], "texture": "#0"},
				"down": {"uv": [13.5, 5.5, 13, 6], "texture": "#0"}
			}
		}
	],
	"display": {
		"thirdperson_righthand": {
			"rotation": [56, 90, 0],
			"translation": [0.25, 1, -15.5],
			"scale": [1.3, 1.3, 1.3]
		},
		"thirdperson_lefthand": {
			"rotation": [56, -90, 0],
			"translation": [0.25, 1, -15.75],
			"scale": [1.3, 1.3, 1.3]
		},
		"firstperson_righthand": {
			"rotation": [2, 86, 0],
			"translation": [-0.75, -12, -3.75]
		},
		"firstperson_lefthand": {
			"rotation": [2, -86, 0],
			"translation": [-0.75, -12, -3.75]
		},
		"gui": {
			"translation": [3.25, -11, 0]
		},
		"head": {
			"rotation": [34, 90, 1],
			"translation": [0, -7.75, -15]
		},
		"fixed": {
			"translation": [3, -12, 0]
		}
	}
}