{
	"credit": "Made with Blockbench",
	"texture_size": [32, 32],
	"textures": {
		"0": "item/yskel_spear",
		"particle": "item/yskel_spear"
	},
	"elements": [
		{
			"from": [8, 10, -2],
			"to": [9, 11, 18],
			"rotation": {"angle": 0, "axis": "y", "origin": [7, 10, 4]},
			"faces": {
				"north": {"uv": [10, 6.5, 10.5, 7], "texture": "#0"},
				"east": {"uv": [0, 0, 10, 0.5], "texture": "#0"},
				"south": {"uv": [10, 9.5, 10.5, 10], "texture": "#0"},
				"west": {"uv": [0, 0.5, 10, 1], "texture": "#0"},
				"up": {"uv": [0.5, 11, 0, 1], "texture": "#0"},
				"down": {"uv": [1, 1, 0.5, 11], "texture": "#0"}
			}
		},
		{
			"from": [7.6, 9.5, 17.8],
			"to": [9.5, 11.5, 18.2],
			"rotation": {"angle": 0, "axis": "y", "origin": [7, 10, 16.7]},
			"faces": {
				"north": {"uv": [5, 2, 6, 3], "texture": "#0"},
				"east": {"uv": [8.5, 1, 9, 2], "texture": "#0"},
				"south": {"uv": [4.5, 5, 5.5, 6], "texture": "#0"},
				"west": {"uv": [8.5, 2, 9, 3], "texture": "#0"},
				"up": {"uv": [9, 7, 8, 6.5], "texture": "#0"},
				"down": {"uv": [9.5, 3, 8.5, 3.5], "texture": "#0"}
			}
		},
		{
			"from": [7.6, 9.5, 10.8],
			"to": [9.5, 11.5, 11.2],
			"rotation": {"angle": 0, "axis": "y", "origin": [7, 10, 9.7]},
			"faces": {
				"north": {"uv": [7, 3, 8, 4], "texture": "#0"},
				"east": {"uv": [9.5, 5.5, 10, 6.5], "texture": "#0"},
				"south": {"uv": [7, 4, 8, 5], "texture": "#0"},
				"west": {"uv": [6, 9.5, 6.5, 10.5], "texture": "#0"},
				"up": {"uv": [7.5, 10, 6.5, 9.5], "texture": "#0"},
				"down": {"uv": [10.5, 7, 9.5, 7.5], "texture": "#0"}
			}
		},
		{
			"from": [7.6, 9.5, 14.8],
			"to": [9.5, 11.5, 15.2],
			"rotation": {"angle": 0, "axis": "y", "origin": [7, 10, 13.7]},
			"faces": {
				"north": {"uv": [5.5, 5, 6.5, 6], "texture": "#0"},
				"east": {"uv": [3.5, 8.5, 4, 9.5], "texture": "#0"},
				"south": {"uv": [2, 6, 3, 7], "texture": "#0"},
				"west": {"uv": [8.5, 3.5, 9, 4.5], "texture": "#0"},
				"up": {"uv": [9.5, 5, 8.5, 4.5], "texture": "#0"},
				"down": {"uv": [9.5, 5, 8.5, 5.5], "texture": "#0"}
			}
		},
		{
			"from": [7.6, 9.5, 7.8],
			"to": [9.5, 11.5, 8.2],
			"rotation": {"angle": 0, "axis": "y", "origin": [7, 10, 6.7]},
			"faces": {
				"north": {"uv": [2, 7, 3, 8], "texture": "#0"},
				"east": {"uv": [9.5, 4, 10, 5], "texture": "#0"},
				"south": {"uv": [7, 2, 8, 3], "texture": "#0"},
				"west": {"uv": [4.5, 9.5, 5, 10.5], "texture": "#0"},
				"up": {"uv": [6, 10, 5, 9.5], "texture": "#0"},
				"down": {"uv": [10.5, 5, 9.5, 5.5], "texture": "#0"}
			}
		},
		{
			"from": [7.6, 9.5, -2.2],
			"to": [9.5, 11.5, -1.8],
			"rotation": {"angle": 0, "axis": "y", "origin": [7, 10, -3.3]},
			"faces": {
				"north": {"uv": [3.5, 7.5, 4.5, 8.5], "texture": "#0"},
				"east": {"uv": [10, 2.5, 10.5, 3.5], "texture": "#0"},
				"south": {"uv": [7.5, 7, 8.5, 8], "texture": "#0"},
				"west": {"uv": [3.5, 10, 4, 11], "texture": "#0"},
				"up": {"uv": [11, 4, 10, 3.5], "texture": "#0"},
				"down": {"uv": [11, 4, 10, 4.5], "texture": "#0"}
			}
		},
		{
			"from": [7.9, 9.8, -3.6],
			"to": [9.2, 11.2, -1.9],
			"rotation": {"angle": 0, "axis": "y", "origin": [7, 10, -4.3]},
			"faces": {
				"north": {"uv": [10.5, 2.5, 11, 3], "texture": "#0"},
				"east": {"uv": [10, 4.5, 11, 5], "texture": "#0"},
				"south": {"uv": [3, 10.5, 3.5, 11], "texture": "#0"},
				"west": {"uv": [5, 10, 6, 10.5], "texture": "#0"},
				"up": {"uv": [10.5, 6.5, 10, 5.5], "texture": "#0"},
				"down": {"uv": [7, 10, 6.5, 11], "texture": "#0"}
			}
		},
		{
			"from": [7.7, 10.3, 15.4],
			"to": [9.2, 11.9, 16.3],
			"rotation": {"angle": 22.5, "axis": "x", "origin": [6.7, 10.8, 14.3]},
			"faces": {
				"north": {"uv": [6, 2, 7, 3], "texture": "#0"},
				"east": {"uv": [4, 8.5, 4.5, 9.5], "texture": "#0"},
				"south": {"uv": [6, 3, 7, 4], "texture": "#0"},
				"west": {"uv": [8.5, 5.5, 9, 6.5], "texture": "#0"},
				"up": {"uv": [9.5, 7.5, 8.5, 7], "texture": "#0"},
				"down": {"uv": [9.5, 7.5, 8.5, 8], "texture": "#0"}
			}
		},
		{
			"from": [7.7, 10.3, 8.4],
			"to": [9.2, 11.9, 9.3],
			"rotation": {"angle": 22.5, "axis": "x", "origin": [6.7, 10.8, 7.3]},
			"faces": {
				"north": {"uv": [4.5, 7, 5.5, 8], "texture": "#0"},
				"east": {"uv": [7.5, 9.5, 8, 10.5], "texture": "#0"},
				"south": {"uv": [7, 5, 8, 6], "texture": "#0"},
				"west": {"uv": [9.5, 7.5, 10, 8.5], "texture": "#0"},
				"up": {"uv": [10.5, 9, 9.5, 8.5], "texture": "#0"},
				"down": {"uv": [10.5, 9, 9.5, 9.5], "texture": "#0"}
			}
		},
		{
			"from": [7.7, 10.3, 16.8],
			"to": [9.2, 11.9, 17.7],
			"rotation": {"angle": 22.5, "axis": "x", "origin": [6.7, 10.8, 15.7]},
			"faces": {
				"north": {"uv": [6, 4, 7, 5], "texture": "#0"},
				"east": {"uv": [8.5, 8, 9, 9], "texture": "#0"},
				"south": {"uv": [4.5, 6, 5.5, 7], "texture": "#0"},
				"west": {"uv": [9, 1, 9.5, 2], "texture": "#0"},
				"up": {"uv": [10, 2.5, 9, 2], "texture": "#0"},
				"down": {"uv": [10, 2.5, 9, 3], "texture": "#0"}
			}
		},
		{
			"from": [7.7, 10.3, 9.8],
			"to": [9.2, 11.9, 10.7],
			"rotation": {"angle": 22.5, "axis": "x", "origin": [6.7, 10.8, 8.7]},
			"faces": {
				"north": {"uv": [6.5, 7, 7.5, 8], "texture": "#0"},
				"east": {"uv": [10, 1, 10.5, 2], "texture": "#0"},
				"south": {"uv": [7.5, 1, 8.5, 2], "texture": "#0"},
				"west": {"uv": [2, 10, 2.5, 11], "texture": "#0"},
				"up": {"uv": [11, 2.5, 10, 2], "texture": "#0"},
				"down": {"uv": [3.5, 10, 2.5, 10.5], "texture": "#0"}
			}
		},
		{
			"from": [7.7, 10.4, 16.1],
			"to": [9.2, 12, 17],
			"rotation": {"angle": -22.5, "axis": "z", "origin": [6.7, 10.9, 15]},
			"faces": {
				"north": {"uv": [5.5, 6, 6.5, 7], "texture": "#0"},
				"east": {"uv": [9, 3.5, 9.5, 4.5], "texture": "#0"},
				"south": {"uv": [6.5, 1, 7.5, 2], "texture": "#0"},
				"west": {"uv": [9, 5.5, 9.5, 6.5], "texture": "#0"},
				"up": {"uv": [10, 7, 9, 6.5], "texture": "#0"},
				"down": {"uv": [8.5, 9, 7.5, 9.5], "texture": "#0"}
			}
		},
		{
			"from": [7.7, 10.4, 9.1],
			"to": [9.2, 12, 10],
			"rotation": {"angle": -22.5, "axis": "z", "origin": [6.7, 10.9, 8]},
			"faces": {
				"north": {"uv": [5.5, 7, 6.5, 8], "texture": "#0"},
				"east": {"uv": [8, 9.5, 8.5, 10.5], "texture": "#0"},
				"south": {"uv": [7, 6, 8, 7], "texture": "#0"},
				"west": {"uv": [9.5, 9.5, 10, 10.5], "texture": "#0"},
				"up": {"uv": [11, 0.5, 10, 0], "texture": "#0"},
				"down": {"uv": [11, 0.5, 10, 1], "texture": "#0"}
			}
		},
		{
			"from": [8.1, 9.51, 17.6],
			"to": [8.9, 11.3, 25.9],
			"rotation": {"angle": 0, "axis": "y", "origin": [7, 10, 16.5]},
			"faces": {
				"north": {"uv": [7.5, 8, 8, 9], "texture": "#0"},
				"east": {"uv": [1, 1, 5, 2], "texture": "#0"},
				"south": {"uv": [8, 8, 8.5, 9], "texture": "#0"},
				"west": {"uv": [1, 2, 5, 3], "texture": "#0"},
				"up": {"uv": [1.5, 8, 1, 4], "texture": "#0"},
				"down": {"uv": [2, 4, 1.5, 8], "texture": "#0"}
			}
		},
		{
			"from": [7.8, 10.7, 15.3],
			"to": [8, 13.3, 16.6],
			"rotation": {"angle": 0, "axis": "y", "origin": [6.7, 11.6, 14.2]},
			"faces": {
				"north": {"uv": [5.5, 8, 6, 9.5], "texture": "#0"},
				"east": {"uv": [6, 8, 6.5, 9.5], "texture": "#0"},
				"south": {"uv": [6.5, 8, 7, 9.5], "texture": "#0"},
				"west": {"uv": [7, 8, 7.5, 9.5], "texture": "#0"},
				"up": {"uv": [11, 3.5, 10.5, 3], "texture": "#0"},
				"down": {"uv": [4.5, 10.5, 4, 11], "texture": "#0"}
			}
		},
		{
			"from": [7.8, 13.3, 15.3],
			"to": [8, 14.9, 15.6],
			"rotation": {"angle": 0, "axis": "y", "origin": [6.7, 12.6, 14.2]},
			"faces": {
				"north": {"uv": [7, 10, 7.5, 11], "texture": "#0"},
				"east": {"uv": [10, 7.5, 10.5, 8.5], "texture": "#0"},
				"south": {"uv": [8.5, 10, 9, 11], "texture": "#0"},
				"west": {"uv": [9, 10, 9.5, 11], "texture": "#0"},
				"up": {"uv": [5, 11, 4.5, 10.5], "texture": "#0"},
				"down": {"uv": [5.5, 10.5, 5, 11], "texture": "#0"}
			}
		},
		{
			"from": [7.8, 13.3, 16.3],
			"to": [8, 14.5, 16.6],
			"rotation": {"angle": 0, "axis": "y", "origin": [6.7, 12.2, 15.2]},
			"faces": {
				"north": {"uv": [10.5, 5, 11, 5.5], "texture": "#0"},
				"east": {"uv": [5.5, 10.5, 6, 11], "texture": "#0"},
				"south": {"uv": [10.5, 5.5, 11, 6], "texture": "#0"},
				"west": {"uv": [6, 10.5, 6.5, 11], "texture": "#0"},
				"up": {"uv": [11, 6.5, 10.5, 6], "texture": "#0"},
				"down": {"uv": [11, 6.5, 10.5, 7], "texture": "#0"}
			}
		},
		{
			"from": [7.8, 13.3, 15.8],
			"to": [8, 14.2, 16.1],
			"rotation": {"angle": 0, "axis": "y", "origin": [6.7, 11.9, 14.7]},
			"faces": {
				"north": {"uv": [10.5, 7, 11, 7.5], "texture": "#0"},
				"east": {"uv": [7.5, 10.5, 8, 11], "texture": "#0"},
				"south": {"uv": [10.5, 7.5, 11, 8], "texture": "#0"},
				"west": {"uv": [8, 10.5, 8.5, 11], "texture": "#0"},
				"up": {"uv": [11, 8.5, 10.5, 8], "texture": "#0"},
				"down": {"uv": [11, 8.5, 10.5, 9], "texture": "#0"}
			}
		},
		{
			"from": [8.1, 8.7, 26.3],
			"to": [8.9, 10.1, 28.5],
			"rotation": {"angle": -22.5, "axis": "x", "origin": [7, 9.2, 25.1]},
			"faces": {
				"north": {"uv": [10.5, 1.5, 11, 2], "texture": "#0"},
				"east": {"uv": [2, 9.5, 3, 10], "texture": "#0"},
				"south": {"uv": [2.5, 10.5, 3, 11], "texture": "#0"},
				"west": {"uv": [3, 9.5, 4, 10], "texture": "#0"},
				"up": {"uv": [10, 4, 9.5, 3], "texture": "#0"},
				"down": {"uv": [4.5, 9.5, 4, 10.5], "texture": "#0"}
			}
		},
		{
			"from": [8.11, 8.76211, 18.4296],
			"to": [8.89, 10.56211, 21.9396],
			"rotation": {"angle": 22.5, "axis": "x", "origin": [8.5, 9.66211, 20.1846]},
			"faces": {
				"north": {"uv": [9, 8, 9.5, 9], "texture": "#0"},
				"east": {"uv": [2, 4, 4, 5], "texture": "#0"},
				"south": {"uv": [8.5, 9, 9, 10], "texture": "#0"},
				"west": {"uv": [4, 4, 6, 5], "texture": "#0"},
				"up": {"uv": [3.5, 8, 3, 6], "texture": "#0"},
				"down": {"uv": [7, 5, 6.5, 7], "texture": "#0"}
			}
		},
		{
			"from": [8.11, 10.76211, 20.3296],
			"to": [8.89, 13.46211, 20.9396],
			"rotation": {"angle": 22.5, "axis": "x", "origin": [8.5, 11.66211, 19.1846]},
			"faces": {
				"north": {"uv": [2, 8, 2.5, 9.5], "texture": "#0"},
				"east": {"uv": [8, 2, 8.5, 3.5], "texture": "#0"},
				"south": {"uv": [2.5, 8, 3, 9.5], "texture": "#0"},
				"west": {"uv": [3, 8, 3.5, 9.5], "texture": "#0"},
				"up": {"uv": [10.5, 10.5, 10, 10], "texture": "#0"},
				"down": {"uv": [1.5, 10.5, 1, 11], "texture": "#0"}
			}
		},
		{
			"from": [8.11, 10.76211, 19.3296],
			"to": [8.89, 13.46211, 19.9396],
			"rotation": {"angle": 22.5, "axis": "x", "origin": [8.5, 11.66211, 18.1846]},
			"faces": {
				"north": {"uv": [8, 3.5, 8.5, 5], "texture": "#0"},
				"east": {"uv": [4.5, 8, 5, 9.5], "texture": "#0"},
				"south": {"uv": [5, 8, 5.5, 9.5], "texture": "#0"},
				"west": {"uv": [8, 5, 8.5, 6.5], "texture": "#0"},
				"up": {"uv": [11, 1.5, 10.5, 1], "texture": "#0"},
				"down": {"uv": [2, 10.5, 1.5, 11], "texture": "#0"}
			}
		},
		{
			"from": [8.11, 8.86211, 22.4296],
			"to": [8.89, 10.66211, 25.7396],
			"rotation": {"angle": -22.5, "axis": "x", "origin": [8.5, 9.76211, 24.1846]},
			"faces": {
				"north": {"uv": [9, 9, 9.5, 10], "texture": "#0"},
				"east": {"uv": [5, 1, 6.5, 2], "texture": "#0"},
				"south": {"uv": [1, 9.5, 1.5, 10.5], "texture": "#0"},
				"west": {"uv": [2, 5, 3.5, 6], "texture": "#0"},
				"up": {"uv": [1.5, 9.5, 1, 8], "texture": "#0"},
				"down": {"uv": [2, 8, 1.5, 9.5], "texture": "#0"}
			}
		},
		{
			"from": [8.11, 10.16211, 22.4296],
			"to": [8.89, 11.96211, 26.9396],
			"rotation": {"angle": 22.5, "axis": "x", "origin": [8.5, 11.06211, 24.1846]},
			"faces": {
				"north": {"uv": [9.5, 1, 10, 2], "texture": "#0"},
				"east": {"uv": [1, 3, 3.5, 4], "texture": "#0"},
				"south": {"uv": [1.5, 9.5, 2, 10.5], "texture": "#0"},
				"west": {"uv": [3.5, 3, 6, 4], "texture": "#0"},
				"up": {"uv": [4, 7.5, 3.5, 5], "texture": "#0"},
				"down": {"uv": [4.5, 5, 4, 7.5], "texture": "#0"}
			}
		}
	],
	"display": {
		"thirdperson_righthand": {
			"rotation": [-99, 0, 0],
			"translation": [-1.25, -11, 4.25],
			"scale": [1, 1, 1.68]
		},
		"thirdperson_lefthand": {
			"rotation": [-99, 0, 0],
			"translation": [0.25, -9.5, 4.25],
			"scale": [1, 1, 1.68]
		},
		"firstperson_righthand": {
			"rotation": [-163, -7, 0],
			"translation": [5.25, 0.25, 7],
			"scale": [1, 0.98, 1.49]
		},
		"firstperson_lefthand": {
			"rotation": [-163, -7, 0],
			"translation": [5.25, 0.25, 7],
			"scale": [1, 0.98, 1.49]
		},
		"ground": {
			"rotation": [180, 0, 0],
			"translation": [0, 6, 0],
			"scale": [1, 1, 1.02]
		},
		"gui": {
			"rotation": [180, 90, 0],
			"translation": [-3, 1.5, 0]
		},
		"head": {
			"rotation": [180, -7, 0],
			"translation": [0.5, 7, 0]
		},
		"fixed": {
			"translation": [0.25, 2.5, -1],
			"scale": [0.8, 0.8, 0.8]
		}
	},
	"groups": [
		{
			"name": "group",
			"origin": [8, 8, 8],
			"color": 0,
			"children": [0, 1, 2, 3, 4, 5, 6, 7, 8, 9, 10, 11, 12, 13, 14, 15, 16, 17, 18, 19, 20, 21, 22, 23]
		}
	]
}